,ncbi_genbank_assembly_accession,ncbi_assembly_name,ncbi_biosample,ncbi_organism_name,parsed_genome_accession,dataset,ftp_path,srr_accession
0,GCA_000526435.1,ASM52643v1,SAMN02584936,Caldicoprobacter oshimai DSM 21659,GCF_000526435.1,train,ftp://ftp.ncbi.nlm.nih.gov/genomes/all/GCA/000/526/435/GCA_000526435.1_ASM52643v1,
1,GCA_000166775.1,ASM16677v1,SAMN00713565,Caldicellulosiruptor kronotskyensis 2002,GCF_000166775.1,train,ftp://ftp.ncbi.nlm.nih.gov/genomes/all/GCA/000/166/775/GCA_000166775.1_ASM16677v1,
2,GCA_000328765.2,ASM32876v2,SAMEA2272437,Tepidanaerobacter acetatoxydans Re1,GCF_000328765.2,train,ftp://ftp.ncbi.nlm.nih.gov/genomes/all/GCA/000/328/765/GCA_000328765.2_ASM32876v2,
3,GCA_000499205.1,MAEPY2_1.0,SAMN02343193,Paenibacillus sp. MAEPY2,GCF_000499205.1,train,ftp://ftp.ncbi.nlm.nih.gov/genomes/all/GCA/000/499/205/GCA_000499205.1_MAEPY2_1.0,
4,GCA_001730225.1,ASM173022v1,SAMN05731213,Desulfuribacillus alkaliarsenatis,GCF_001730225.1,train,ftp://ftp.ncbi.nlm.nih.gov/genomes/all/GCA/001/730/225/GCA_001730225.1_ASM173022v1,
5,GCA_001552655.1,ASM155265v1,SAMD00045739,Alicyclobacillus kakegawensis NBRC 103104,GCF_001552655.1,train,ftp://ftp.ncbi.nlm.nih.gov/genomes/all/GCA/001/552/655/GCA_001552655.1_ASM155265v1,
6,GCA_003456095.1,ASM345609v1,none,none,GCA_003456095.1,train,ftp://ftp.ncbi.nlm.nih.gov/genomes/all/GCA/003/456/095/GCA_003456095.1_ASM345609v1,
7,GCA_000020005.1,ASM2000v1,SAMN02598430,Natranaerobius thermophilus JW/NM-WN-LF,GCF_000020005.1,train,ftp://ftp.ncbi.nlm.nih.gov/genomes/all/GCA/000/020/005/GCA_000020005.1_ASM2000v1,
8,GCA_900111575.1,IMG-taxon_2602042032_annotated_assembly,SAMN03080614,Anaerobranca gottschalkii DSM 13577,GCF_900111575.1,train,ftp://ftp.ncbi.nlm.nih.gov/genomes/all/GCA/900/111/575/GCA_900111575.1_IMG-taxon_2602042032_annotated_assembly,
9,GCA_002427055.1,ASM242705v1,SAMN06457451,Firmicutes bacterium UBA5500,GCA_002427055.1,train,ftp://ftp.ncbi.nlm.nih.gov/genomes/all/GCA/002/427/055/GCA_002427055.1_ASM242705v1,
10,GCA_002919235.1,ASM291923v1,SAMN08158218,Clostridia bacterium,GCA_002919235.1,train,ftp://ftp.ncbi.nlm.nih.gov/genomes/all/GCA/002/919/235/GCA_002919235.1_ASM291923v1,
11,GCA_002399235.1,ASM239923v1,SAMN06451266,Firmicutes bacterium UBA4881,GCA_002399235.1,train,ftp://ftp.ncbi.nlm.nih.gov/genomes/all/GCA/002/399/235/GCA_002399235.1_ASM239923v1,
12,GCA_002408345.1,ASM240834v1,SAMN06453845,Firmicutes bacterium UBA5301,GCA_002408345.1,train,ftp://ftp.ncbi.nlm.nih.gov/genomes/all/GCA/002/408/345/GCA_002408345.1_ASM240834v1,
13,GCA_002426275.1,ASM242627v1,SAMN06454099,Firmicutes bacterium UBA5499,GCA_002426275.1,train,ftp://ftp.ncbi.nlm.nih.gov/genomes/all/GCA/002/426/275/GCA_002426275.1_ASM242627v1,
14,GCA_002452295.1,ASM245229v1,SAMN06456985,Firmicutes bacterium UBA6811,GCA_002452295.1,train,ftp://ftp.ncbi.nlm.nih.gov/genomes/all/GCA/002/452/295/GCA_002452295.1_ASM245229v1,
15,GCA_900016865.1,Clostridia_bin_genome_5,SAMEA3730008,uncultured Clostridia bacterium,GCA_900016865.1,train,ftp://ftp.ncbi.nlm.nih.gov/genomes/all/GCA/900/016/865/GCA_900016865.1_Clostridia_bin_genome_5,
16,GCA_002426645.1,ASM242664v1,SAMN06456060,Firmicutes bacterium UBA5435,GCA_002426645.1,train,ftp://ftp.ncbi.nlm.nih.gov/genomes/all/GCA/002/426/645/GCA_002426645.1_ASM242664v1,
17,GCA_003501335.1,ASM350133v1,none,none,GCA_003501335.1,train,ftp://ftp.ncbi.nlm.nih.gov/genomes/all/GCA/003/501/335/GCA_003501335.1_ASM350133v1,
18,GCA_003023725.1,ASM302372v1,SAMN08683243,Sulfobacillus benefaciens,GCA_003023725.1,train,ftp://ftp.ncbi.nlm.nih.gov/genomes/all/GCA/003/023/725/GCA_003023725.1_ASM302372v1,
19,GCA_000009905.1,ASM990v1,SAMD00061067,Symbiobacterium thermophilum IAM 14863,GCF_000009905.1,train,ftp://ftp.ncbi.nlm.nih.gov/genomes/all/GCA/000/009/905/GCA_000009905.1_ASM990v1,
20,GCA_002919105.1,ASM291910v1,SAMN08158229,Thermaerobacter sp.,GCA_002919105.1,train,ftp://ftp.ncbi.nlm.nih.gov/genomes/all/GCA/002/919/105/GCA_002919105.1_ASM291910v1,
21,GCA_003517845.1,ASM351784v1,none,none,GCA_003517845.1,train,ftp://ftp.ncbi.nlm.nih.gov/genomes/all/GCA/003/517/845/GCA_003517845.1_ASM351784v1,
22,GCA_002375925.1,ASM237592v1,SAMN06455820,Firmicutes bacterium UBA3575,GCA_002375925.1,train,ftp://ftp.ncbi.nlm.nih.gov/genomes/all/GCA/002/375/925/GCA_002375925.1_ASM237592v1,
23,GCA_001513125.1,ASM151312v1,SAMN03778954,Clostridia bacterium DTU030,GCA_001513125.1,train,ftp://ftp.ncbi.nlm.nih.gov/genomes/all/GCA/001/513/125/GCA_001513125.1_ASM151312v1,
24,GCA_900104055.1,IMG-taxon_2623620517_annotated_assembly,SAMN05216366,Selenomonas ruminantium,GCF_900104055.1,train,ftp://ftp.ncbi.nlm.nih.gov/genomes/all/GCA/900/104/055/GCA_900104055.1_IMG-taxon_2623620517_annotated_assembly,
25,GCA_000224515.2,ASM22451v1,SAMN02471585,Desulfosporosinus sp. OT,GCF_000224515.1,train,ftp://ftp.ncbi.nlm.nih.gov/genomes/all/GCA/000/224/515/GCA_000224515.2_ASM22451v1,
26,GCA_001512665.1,ASM151266v1,SAMN03776771,Clostridiales bacterium DTU073,GCA_001512665.1,train,ftp://ftp.ncbi.nlm.nih.gov/genomes/all/GCA/001/512/665/GCA_001512665.1_ASM151266v1,
27,GCA_001875325.1,ASM187532v1,SAMN05430241,Moorella thermoacetica,GCF_001875325.1,train,ftp://ftp.ncbi.nlm.nih.gov/genomes/all/GCA/001/875/325/GCA_001875325.1_ASM187532v1,
28,GCA_002418965.1,ASM241896v1,SAMN06454537,Peptococcaceae bacterium UBA5757,GCA_002418965.1,train,ftp://ftp.ncbi.nlm.nih.gov/genomes/all/GCA/002/418/965/GCA_002418965.1_ASM241896v1,
29,GCA_002418765.1,ASM241876v1,SAMN06451449,Peptococcaceae bacterium UBA5767,GCA_002418765.1,train,ftp://ftp.ncbi.nlm.nih.gov/genomes/all/GCA/002/418/765/GCA_002418765.1_ASM241876v1,
30,GCA_002840245.1,ASM284024v1,SAMN06767695,Firmicutes bacterium HGW-Firmicutes-15,GCA_002840245.1,train,ftp://ftp.ncbi.nlm.nih.gov/genomes/all/GCA/002/840/245/GCA_002840245.1_ASM284024v1,
31,GCA_000016165.1,ASM1616v1,SAMN02598304,Desulfotomaculum reducens MI-1,GCF_000016165.1,train,ftp://ftp.ncbi.nlm.nih.gov/genomes/all/GCA/000/016/165/GCA_000016165.1_ASM1616v1,
32,GCA_002840165.1,ASM284016v1,SAMN06767708,Firmicutes bacterium HGW-Firmicutes-8,GCA_002840165.1,train,ftp://ftp.ncbi.nlm.nih.gov/genomes/all/GCA/002/840/165/GCA_002840165.1_ASM284016v1,
33,GCA_003054495.1,ASM305449v1,SAMN07757920,Carboxydocella thermautotrophica,GCF_003054495.1,train,ftp://ftp.ncbi.nlm.nih.gov/genomes/all/GCA/003/054/495/GCA_003054495.1_ASM305449v1,
34,GCA_900111505.1,IMG-taxon_2642422559_annotated_assembly,SAMN04515653,Halanaerobium congolense,GCF_900111505.1,train,ftp://ftp.ncbi.nlm.nih.gov/genomes/all/GCA/900/111/505/GCA_900111505.1_IMG-taxon_2642422559_annotated_assembly,
35,GCA_000187935.2,ASM18793v2,SAMN02436555,Streptococcus parauberis NCFD 2020,GCF_000187935.1,train,ftp://ftp.ncbi.nlm.nih.gov/genomes/all/GCA/000/187/935/GCA_000187935.2_ASM18793v2,
36,GCA_000622245.1,ASM62224v1,SAMN02743999,Fusobacterium perfoetens ATCC 29250,GCF_000622245.1,train,ftp://ftp.ncbi.nlm.nih.gov/genomes/all/GCA/000/622/245/GCA_000622245.1_ASM62224v1,
37,GCA_000012505.1,ASM1250v1,SAMN02598312,Synechococcus sp. CC9902,GCF_000012505.1,train,ftp://ftp.ncbi.nlm.nih.gov/genomes/all/GCA/000/012/505/GCA_000012505.1_ASM1250v1,
38,GCA_900313115.1,Rumen_uncultured_genome_RUG770,SAMEA104666321,uncultured bacterium,GCA_900313115.1,train,ftp://ftp.ncbi.nlm.nih.gov/genomes/all/GCA/900/313/115/GCA_900313115.1_Rumen_uncultured_genome_RUG770,
39,GCA_002083825.1,ASM208382v1,SAMN05981169,Candidatus Sericytochromatia bacterium S15B-MN24 CBMW_12,GCA_002083825.1,train,ftp://ftp.ncbi.nlm.nih.gov/genomes/all/GCA/002/083/825/GCA_002083825.1_ASM208382v1,
40,GCA_001771545.1,ASM177154v1,SAMN04314412,candidate division WOR-1 bacterium RIFOXYB2_FULL_42_35,GCA_001771545.1,train,ftp://ftp.ncbi.nlm.nih.gov/genomes/all/GCA/001/771/545/GCA_001771545.1_ASM177154v1,
41,GCA_003265885.1,ASM326588v1,SAMN08965200,Candidatus Marinamargulisbacteria bacterium SCGC AG-343-D04,GCA_003265885.1,train,ftp://ftp.ncbi.nlm.nih.gov/genomes/all/GCA/003/265/885/GCA_003265885.1_ASM326588v1,
42,GCA_003242895.1,ASM324289v1,SAMN09222456,Candidatus Margulisbacteria bacterium,GCA_003242895.1,train,ftp://ftp.ncbi.nlm.nih.gov/genomes/all/GCA/003/242/895/GCA_003242895.1_ASM324289v1,
43,GCA_002413305.1,ASM241330v1,SAMN06451868,Actinobacteria bacterium UBA5176,GCA_002413305.1,train,ftp://ftp.ncbi.nlm.nih.gov/genomes/all/GCA/002/413/305/GCA_002413305.1_ASM241330v1,
44,GCA_003138855.1,20110800_S2D,SAMN08179187,Acidimicrobiaceae bacterium,GCA_003138855.1,train,ftp://ftp.ncbi.nlm.nih.gov/genomes/all/GCA/003/138/855/GCA_003138855.1_20110800_S2D,
45,GCA_002897715.1,ASM289771v1,SAMD00081361,bacterium BMS3Abin01,GCA_002897715.1,train,ftp://ftp.ncbi.nlm.nih.gov/genomes/all/GCA/002/897/715/GCA_002897715.1_ASM289771v1,
46,GCA_000014185.1,ASM1418v1,SAMN02598258,Rubrobacter xylanophilus DSM 9941,GCF_000014185.1,train,ftp://ftp.ncbi.nlm.nih.gov/genomes/all/GCA/000/014/185/GCA_000014185.1_ASM1418v1,
47,GCA_002331575.1,ASM233157v1,SAMN06454938,Atopobium sp. UBA2090,GCA_002331575.1,train,ftp://ftp.ncbi.nlm.nih.gov/genomes/all/GCA/002/331/575/GCA_002331575.1_ASM233157v1,
48,GCA_002366545.1,ASM236654v1,SAMN06453901,Actinobacteria bacterium UBA3085,GCA_002366545.1,train,ftp://ftp.ncbi.nlm.nih.gov/genomes/all/GCA/002/366/545/GCA_002366545.1_ASM236654v1,
49,GCA_002779205.1,ASM277920v1,SAMN06659258,Actinobacteria bacterium CG08_land_8_20_14_0_20_35_9,GCA_002779205.1,train,ftp://ftp.ncbi.nlm.nih.gov/genomes/all/GCA/002/779/205/GCA_002779205.1_ASM277920v1,
50,GCA_003157385.1,20120600_E2D,SAMN08179582,Actinobacteria bacterium,GCA_003157385.1,train,ftp://ftp.ncbi.nlm.nih.gov/genomes/all/GCA/003/157/385/GCA_003157385.1_20120600_E2D,
51,GCA_003133745.1,20120500_P13,SAMN08179405,candidate division WPS-2 bacterium,GCA_003133745.1,train,ftp://ftp.ncbi.nlm.nih.gov/genomes/all/GCA/003/133/745/GCA_003133745.1_20120500_P13,
52,GCA_002423485.1,ASM242348v1,SAMN06454064,bacterium UBP9_UBA6111,GCA_002423485.1,train,ftp://ftp.ncbi.nlm.nih.gov/genomes/all/GCA/002/423/485/GCA_002423485.1_ASM242348v1,
53,GCA_001443485.1,ASM144348v1,SAMN03462097,Armatimonadetes bacterium CSP1-3,GCA_001443485.1,train,ftp://ftp.ncbi.nlm.nih.gov/genomes/all/GCA/001/443/485/GCA_001443485.1_ASM144348v1,
54,GCA_002254605.1,ASM225460v1,SAMN07230129,Armatimonadetes bacterium JP3_11,GCA_002254605.1,train,ftp://ftp.ncbi.nlm.nih.gov/genomes/all/GCA/002/254/605/GCA_002254605.1_ASM225460v1,
55,GCA_002898895.1,ASM289889v1,SAMD00093766,bacterium HR16,GCA_002898895.1,train,ftp://ftp.ncbi.nlm.nih.gov/genomes/all/GCA/002/898/895/GCA_002898895.1_ASM289889v1,
56,GCA_000427095.1,T49,SAMEA2272150,Chthonomonas calidirosea T49,GCF_000427095.1,train,ftp://ftp.ncbi.nlm.nih.gov/genomes/all/GCA/000/427/095/GCA_000427095.1_T49,
57,GCA_002431715.1,ASM243171v1,SAMN06453966,Armatimonadetes bacterium UBA5829,GCA_002431715.1,train,ftp://ftp.ncbi.nlm.nih.gov/genomes/all/GCA/002/431/715/GCA_002431715.1_ASM243171v1,
58,GCA_003134215.1,20111000_S2S,SAMN08179378,Armatimonadetes bacterium,GCA_003134215.1,train,ftp://ftp.ncbi.nlm.nih.gov/genomes/all/GCA/003/134/215/GCA_003134215.1_20111000_S2S,
59,GCA_001872605.1,ASM187260v1,SAMN04328248,Armatimonadetes bacterium CG2_30_59_28,GCA_001872605.1,train,ftp://ftp.ncbi.nlm.nih.gov/genomes/all/GCA/001/872/605/GCA_001872605.1_ASM187260v1,
60,GCA_002898575.1,ASM289857v1,SAMD00093767,bacterium HR17,GCA_002898575.1,train,ftp://ftp.ncbi.nlm.nih.gov/genomes/all/GCA/002/898/575/GCA_002898575.1_ASM289857v1,
61,GCA_002409445.1,ASM240944v1,SAMN06456318,Armatimonadetes bacterium UBA5419,GCA_002409445.1,train,ftp://ftp.ncbi.nlm.nih.gov/genomes/all/GCA/002/409/445/GCA_002409445.1_ASM240944v1,
62,GCA_002411015.1,ASM241101v1,SAMN06451880,Armatimonadetes bacterium UBA5352,GCA_002411015.1,train,ftp://ftp.ncbi.nlm.nih.gov/genomes/all/GCA/002/411/015/GCA_002411015.1_ASM241101v1,
63,GCA_002410925.1,ASM241092v1,SAMN06451889,bacterium UBP13_UBA5359,GCA_002410925.1,train,ftp://ftp.ncbi.nlm.nih.gov/genomes/all/GCA/002/410/925/GCA_002410925.1_ASM241092v1,
64,GCA_001003605.1,ASM100360v1,SAMN03319960,Parcubacteria group bacterium GW2011_GWC2_48_17,GCA_001003605.1,train,ftp://ftp.ncbi.nlm.nih.gov/genomes/all/GCA/001/003/605/GCA_001003605.1_ASM100360v1,
65,GCA_002328565.1,ASM232856v1,SAMN06453241,Candidatus Moranbacteria bacterium UBA2206,GCA_002328565.1,train,ftp://ftp.ncbi.nlm.nih.gov/genomes/all/GCA/002/328/565/GCA_002328565.1_ASM232856v1,
66,GCA_002792135.1,ASM279213v1,SAMN06659773,bacterium (Candidatus Torokbacteria) CG_4_10_14_0_2_um_filter_35_8,GCA_002792135.1,train,ftp://ftp.ncbi.nlm.nih.gov/genomes/all/GCA/002/792/135/GCA_002792135.1_ASM279213v1,
67,GCA_001791275.1,ASM179127v1,SAMN04315591,Candidatus Uhrbacteria bacterium RIFCSPHIGHO2_12_FULL_60_25,GCA_001791275.1,train,ftp://ftp.ncbi.nlm.nih.gov/genomes/all/GCA/001/791/275/GCA_001791275.1_ASM179127v1,
68,GCA_002773695.1,ASM277369v1,SAMN06659340,Candidatus Doudnabacteria bacterium CG10_big_fil_rev_8_21_14_0_10_41_10,GCA_002773695.1,train,ftp://ftp.ncbi.nlm.nih.gov/genomes/all/GCA/002/773/695/GCA_002773695.1_ASM277369v1,
69,GCA_002686445.1,ASM268644v1,SAMN07618373,bacterium,GCA_002686445.1,train,ftp://ftp.ncbi.nlm.nih.gov/genomes/all/GCA/002/686/445/GCA_002686445.1_ASM268644v1,
70,GCA_000999315.1,ASM99931v1,SAMN03319709,Candidatus Peregrinibacteria bacterium GW2011_GWF2_43_17,GCA_000999315.1,train,ftp://ftp.ncbi.nlm.nih.gov/genomes/all/GCA/000/999/315/GCA_000999315.1_ASM99931v1,
71,GCA_002482925.1,ASM248292v1,SAMN06452856,Candidatus Saccharibacteria bacterium UBA7683,GCA_002482925.1,train,ftp://ftp.ncbi.nlm.nih.gov/genomes/all/GCA/002/482/925/GCA_002482925.1_ASM248292v1,
72,GCA_001872945.1,ASM187294v1,SAMN04328267,bacterium CG2_30_37_16,GCA_001872945.1,train,ftp://ftp.ncbi.nlm.nih.gov/genomes/all/GCA/001/872/945/GCA_001872945.1_ASM187294v1,
73,GCA_002792735.1,ASM279273v1,SAMN06659745,bacterium CG_4_10_14_0_2_um_filter_33_32,GCA_002792735.1,train,ftp://ftp.ncbi.nlm.nih.gov/genomes/all/GCA/002/792/735/GCA_002792735.1_ASM279273v1,
74,GCA_002780235.1,ASM278023v1,SAMN06659215,Candidatus Berkelbacteria bacterium CG06_land_8_20_14_3_00_43_10,GCA_002780235.1,train,ftp://ftp.ncbi.nlm.nih.gov/genomes/all/GCA/002/780/235/GCA_002780235.1_ASM278023v1,
75,GCA_001771185.1,ASM177118v1,SAMN04316212,candidate division Kazan bacterium RIFCSPHIGHO2_01_FULL_44_14,GCA_001771185.1,train,ftp://ftp.ncbi.nlm.nih.gov/genomes/all/GCA/001/771/185/GCA_001771185.1_ASM177118v1,
76,GCA_001773695.1,ASM177369v1,SAMN04315142,Candidatus Amesbacteria bacterium RIFCSPLOWO2_01_FULL_48_25,GCA_001773695.1,train,ftp://ftp.ncbi.nlm.nih.gov/genomes/all/GCA/001/773/695/GCA_001773695.1_ASM177369v1,
77,GCA_001772615.1,ASM177261v1,SAMN04314869,candidate division WWE3 bacterium RIFCSPHIGHO2_01_FULL_40_23,GCA_001772615.1,train,ftp://ftp.ncbi.nlm.nih.gov/genomes/all/GCA/001/772/615/GCA_001772615.1_ASM177261v1,
78,GCA_001771135.1,ASM177113v1,SAMN04313865,candidate division CPR3 bacterium GWF2_35_18,GCA_001771135.1,train,ftp://ftp.ncbi.nlm.nih.gov/genomes/all/GCA/001/771/135/GCA_001771135.1_ASM177113v1,
79,GCA_002771355.1,ASM277135v1,SAMN06659655,candidate division WWE3 bacterium CG22_combo_CG10-13_8_21_14_all_39_12,GCA_002771355.1,train,ftp://ftp.ncbi.nlm.nih.gov/genomes/all/GCA/002/771/355/GCA_002771355.1_ASM277135v1,
80,GCA_001567305.1,ASM156730v1,SAMN03372540,candidate division WS6 bacterium OLB21,GCA_001567305.1,train,ftp://ftp.ncbi.nlm.nih.gov/genomes/all/GCA/001/567/305/GCA_001567305.1_ASM156730v1,
81,GCA_001873755.1,ASM187375v1,SAMN04328296,Candidatus Wirthbacteria bacterium CG2_30_54_11,GCA_001873755.1,train,ftp://ftp.ncbi.nlm.nih.gov/genomes/all/GCA/001/873/755/GCA_001873755.1_ASM187375v1,
82,GCA_002311865.1,ASM231186v1,SAMN06457163,Dehalococcoidia bacterium UBA1151,GCA_002311865.1,train,ftp://ftp.ncbi.nlm.nih.gov/genomes/all/GCA/002/311/865/GCA_002311865.1_ASM231186v1,
83,GCA_002436065.1,ASM243606v1,SAMN06455613,Chloroflexi bacterium UBA6077,GCA_002436065.1,train,ftp://ftp.ncbi.nlm.nih.gov/genomes/all/GCA/002/436/065/GCA_002436065.1_ASM243606v1,
84,GCA_003158355.1,20120600_E3D,SAMN08179596,Anaerolineaceae bacterium,GCA_003158355.1,train,ftp://ftp.ncbi.nlm.nih.gov/genomes/all/GCA/003/158/355/GCA_003158355.1_20120600_E3D,
85,GCA_002532535.1,ASM253253v1,SAMN07514207,Chloroflexi bacterium Kir15-3F,GCF_002532535.1,train,ftp://ftp.ncbi.nlm.nih.gov/genomes/all/GCA/002/532/535/GCA_002532535.1_ASM253253v1,
86,GCA_003268475.1,ASM326847v1,SAMN04600100,Thermogemmatispora tikiterensis,GCA_003268475.1,train,ftp://ftp.ncbi.nlm.nih.gov/genomes/all/GCA/003/268/475/GCA_003268475.1_ASM326847v1,
87,GCA_002413265.1,ASM241326v1,SAMN06451869,Chloroflexi bacterium UBA5177,GCA_002413265.1,train,ftp://ftp.ncbi.nlm.nih.gov/genomes/all/GCA/002/413/265/GCA_002413265.1_ASM241326v1,
88,GCA_002347925.1,ASM234792v1,SAMN06453796,Chloroflexi bacterium UBA2235,GCA_002347925.1,train,ftp://ftp.ncbi.nlm.nih.gov/genomes/all/GCA/002/347/925/GCA_002347925.1_ASM234792v1,
89,GCA_002404055.1,ASM240405v1,SAMN06451262,Chloroflexi bacterium UBA4733,GCA_002404055.1,train,ftp://ftp.ncbi.nlm.nih.gov/genomes/all/GCA/002/404/055/GCA_002404055.1_ASM240405v1,
90,GCA_003135255.1,20111000_S2D,SAMN08179358,candidate division AD3 bacterium,GCA_003135255.1,train,ftp://ftp.ncbi.nlm.nih.gov/genomes/all/GCA/003/135/255/GCA_003135255.1_20111000_S2D,
91,GCA_003157875.1,20120600_E1D,SAMN08179544,Chloroflexi bacterium,GCA_003157875.1,train,ftp://ftp.ncbi.nlm.nih.gov/genomes/all/GCA/003/157/875/GCA_003157875.1_20120600_E1D,
92,GCA_002433065.1,ASM243306v1,SAMN06452350,Chloroflexi bacterium UBA6622,GCA_002433065.1,train,ftp://ftp.ncbi.nlm.nih.gov/genomes/all/GCA/002/433/065/GCA_002433065.1_ASM243306v1,
93,GCA_002355995.1,ASM235599v1,SAMD00066626,Thermus thermophilus,GCF_002355995.1,train,ftp://ftp.ncbi.nlm.nih.gov/genomes/all/GCA/002/355/995/GCA_002355995.1_ASM235599v1,
94,GCA_002050035.1,ASM205003v1,SAMN06287783,Planctomycetales bacterium 4484_113,GCA_002050035.1,train,ftp://ftp.ncbi.nlm.nih.gov/genomes/all/GCA/002/050/035/GCA_002050035.1_ASM205003v1,
95,GCA_002435745.1,ASM243574v1,SAMN06453690,bacterium UBP15_UBA6099,GCA_002435745.1,train,ftp://ftp.ncbi.nlm.nih.gov/genomes/all/GCA/002/435/745/GCA_002435745.1_ASM243574v1,
96,GCA_001644665.1,ASM164466v1,SAMN02954477,Fervidobacterium pennivorans,GCF_001644665.1,train,ftp://ftp.ncbi.nlm.nih.gov/genomes/all/GCA/001/644/665/GCA_001644665.1_ASM164466v1,
97,GCA_900465355.1,Ran1-1,SAMEA4698766,Candidatus Bipolaricaulis anaerobius,GCA_900465355.1,train,ftp://ftp.ncbi.nlm.nih.gov/genomes/all/GCA/900/465/355/GCA_900465355.1_Ran1-1,
98,GCA_002877955.1,ASM287795v1,SAMN08107316,Caldisericum exile,GCA_002877955.1,train,ftp://ftp.ncbi.nlm.nih.gov/genomes/all/GCA/002/877/955/GCA_002877955.1_ASM287795v1,
99,GCA_003476705.1,ASM347670v1,none,none,GCA_003476705.1,train,ftp://ftp.ncbi.nlm.nih.gov/genomes/all/GCA/003/476/705/GCA_003476705.1_ASM347670v1,
100,GCA_002878375.1,ASM287837v1,SAMN07140561,Dictyoglomus sp. NZ13-RE01,GCA_002878375.1,train,ftp://ftp.ncbi.nlm.nih.gov/genomes/all/GCA/002/878/375/GCA_002878375.1_ASM287837v1,
101,GCA_003057965.1,ASM305796v1,SAMN06013554,Thermodesulfobium acidiphilum,GCF_003057965.1,train,ftp://ftp.ncbi.nlm.nih.gov/genomes/all/GCA/003/057/965/GCA_003057965.1_ASM305796v1,
102,GCA_001604435.1,ASM160443v1,SAMN03837571,Synergistales bacterium Syner_01,GCA_001604435.1,train,ftp://ftp.ncbi.nlm.nih.gov/genomes/all/GCA/001/604/435/GCA_001604435.1_ASM160443v1,
103,GCA_001508835.1,ASM150883v1,SAMN03445127,bacterium 42_11,GCA_001508835.1,train,ftp://ftp.ncbi.nlm.nih.gov/genomes/all/GCA/001/508/835/GCA_001508835.1_ASM150883v1,
104,GCA_000405345.1,ASM40534v1,SAMN02441602,Atribacteria bacterium SCGC AAA255-N14,GCA_000405345.1,train,ftp://ftp.ncbi.nlm.nih.gov/genomes/all/GCA/000/405/345/GCA_000405345.1_ASM40534v1,
105,GCA_000353875.1,_Ca._Caldatribacterium_californiense_,SAMN01797434,Candidatus Caldatribacterium californiense OP9-cSCG,GCA_000353875.1,train,ftp://ftp.ncbi.nlm.nih.gov/genomes/all/GCA/000/353/875/GCA_000353875.1__Ca._Caldatribacterium_californiense_,
106,GCA_001872985.1,ASM187298v1,SAMN04328278,bacterium CG2_30_54_10,GCA_001872985.1,train,ftp://ftp.ncbi.nlm.nih.gov/genomes/all/GCA/001/872/985/GCA_001872985.1_ASM187298v1,
107,GCA_002422125.1,ASM242212v1,SAMN06457399,bacterium UBP17_UBA6191,GCA_002422125.1,train,ftp://ftp.ncbi.nlm.nih.gov/genomes/all/GCA/002/422/125/GCA_002422125.1_ASM242212v1,
108,GCA_002869225.1,ASM286922v1,SAMN07982665,bacterium BM706,GCA_002869225.1,train,ftp://ftp.ncbi.nlm.nih.gov/genomes/all/GCA/002/869/225/GCA_002869225.1_ASM286922v1,
109,GCA_001791795.1,ASM179179v1,SAMN04314129,Candidatus Wallbacteria bacterium GWC2_49_35,GCA_001791795.1,train,ftp://ftp.ncbi.nlm.nih.gov/genomes/all/GCA/001/791/795/GCA_001791795.1_ASM179179v1,
110,GCA_900105685.1,IMG-taxon_2690315640_annotated_assembly,SAMN05444156,Verrucomicrobium sp. GAS474,GCF_900105685.1,train,ftp://ftp.ncbi.nlm.nih.gov/genomes/all/GCA/900/105/685/GCA_900105685.1_IMG-taxon_2690315640_annotated_assembly,
111,GCA_900320225.1,Rumen_uncultured_genome_RUG572,SAMEA104666872,uncultured Lentisphaerae bacterium,GCA_900320225.1,train,ftp://ftp.ncbi.nlm.nih.gov/genomes/all/GCA/900/320/225/GCA_900320225.1_Rumen_uncultured_genome_RUG572,
112,GCA_001803205.1,ASM180320v1,SAMN04313868,Lentisphaerae bacterium GWF2_38_69,GCA_001803205.1,train,ftp://ftp.ncbi.nlm.nih.gov/genomes/all/GCA/001/803/205/GCA_001803205.1_ASM180320v1,
113,GCA_002308555.1,ASM230855v1,SAMN06455243,bacterium UBP3_UBA1247,GCA_002308555.1,train,ftp://ftp.ncbi.nlm.nih.gov/genomes/all/GCA/002/308/555/GCA_002308555.1_ASM230855v1,
114,GCA_002329605.1,ASM232960v1,SAMN06451854,bacterium UBP3_UBA1439,GCA_002329605.1,train,ftp://ftp.ncbi.nlm.nih.gov/genomes/all/GCA/002/329/605/GCA_002329605.1_ASM232960v1,
115,GCA_002895085.1,ASM289508v1,SAMN07767759,Chlamydia abortus,GCF_002895085.1,train,ftp://ftp.ncbi.nlm.nih.gov/genomes/all/GCA/002/895/085/GCA_002895085.1_ASM289508v1,
116,GCA_000338295.1,First,SAMN02261079,Rhodopirellula europaea 6C,GCF_000338295.1,train,ftp://ftp.ncbi.nlm.nih.gov/genomes/all/GCA/000/338/295/GCA_000338295.1_First,
117,GCA_002364005.1,ASM236400v1,SAMN06451765,Phycisphaerales bacterium UBA3190,GCA_002364005.1,train,ftp://ftp.ncbi.nlm.nih.gov/genomes/all/GCA/002/364/005/GCA_002364005.1_ASM236400v1,
118,GCA_003170085.1,20110800_E3D,SAMN08179086,Planctomycetia bacterium,GCA_003170085.1,train,ftp://ftp.ncbi.nlm.nih.gov/genomes/all/GCA/003/170/085/GCA_003170085.1_20110800_E3D,
119,GCA_001302825.1,ASM130282v1,SAMN03994142,Planctomycetes bacterium DG_23,GCA_001302825.1,train,ftp://ftp.ncbi.nlm.nih.gov/genomes/all/GCA/001/302/825/GCA_001302825.1_ASM130282v1,
120,GCA_002311925.1,ASM231192v1,SAMN06457040,Planctomycetes bacterium UBA1135,GCA_002311925.1,train,ftp://ftp.ncbi.nlm.nih.gov/genomes/all/GCA/002/311/925/GCA_002311925.1_ASM231192v1,
121,GCA_002687715.1,ASM268771v1,SAMN07619727,Planctomycetes bacterium,GCA_002687715.1,train,ftp://ftp.ncbi.nlm.nih.gov/genomes/all/GCA/002/687/715/GCA_002687715.1_ASM268771v1,
122,GCA_002320775.1,ASM232077v1,SAMN06451693,Planctomycetes bacterium UBA1662,GCA_002320775.1,train,ftp://ftp.ncbi.nlm.nih.gov/genomes/all/GCA/002/320/775/GCA_002320775.1_ASM232077v1,
123,GCA_002343805.1,ASM234380v1,SAMN06454447,Planctomycetes bacterium UBA2392,GCA_002343805.1,train,ftp://ftp.ncbi.nlm.nih.gov/genomes/all/GCA/002/343/805/GCA_002343805.1_ASM234380v1,
124,GCA_003482625.1,ASM348262v1,none,none,GCA_003482625.1,train,ftp://ftp.ncbi.nlm.nih.gov/genomes/all/GCA/003/482/625/GCA_003482625.1_ASM348262v1,
125,GCA_003249795.1,ASM324979v1,SAMN09288115,bacterium,GCA_003249795.1,train,ftp://ftp.ncbi.nlm.nih.gov/genomes/all/GCA/003/249/795/GCA_003249795.1_ASM324979v1,
126,GCA_002393835.1,ASM239383v1,SAMN06453632,Treponema sp. UBA4326,GCA_002393835.1,train,ftp://ftp.ncbi.nlm.nih.gov/genomes/all/GCA/002/393/835/GCA_002393835.1_ASM239383v1,
127,GCA_001829125.1,ASM182912v1,SAMN04314119,Spirochaetes bacterium GWB1_27_13,GCA_001829125.1,train,ftp://ftp.ncbi.nlm.nih.gov/genomes/all/GCA/001/829/125/GCA_001829125.1_ASM182912v1,
128,GCA_001829155.1,ASM182915v1,SAMN04313962,Spirochaetes bacterium GWB1_36_13,GCA_001829155.1,train,ftp://ftp.ncbi.nlm.nih.gov/genomes/all/GCA/001/829/155/GCA_001829155.1_ASM182915v1,
129,GCA_900112165.1,IMG-taxon_2597490362_annotated_assembly,SAMN02745150,Brevinema andersonii,GCF_900112165.1,train,ftp://ftp.ncbi.nlm.nih.gov/genomes/all/GCA/900/112/165/GCA_900112165.1_IMG-taxon_2597490362_annotated_assembly,
130,GCA_001746225.1,ASM174622v1,SAMN05209828,Brachyspira hampsonii,GCF_001746225.1,train,ftp://ftp.ncbi.nlm.nih.gov/genomes/all/GCA/001/746/225/GCA_001746225.1_ASM174622v1,
131,GCA_003497555.1,ASM349755v1,none,none,GCA_003497555.1,train,ftp://ftp.ncbi.nlm.nih.gov/genomes/all/GCA/003/497/555/GCA_003497555.1_ASM349755v1,
132,GCA_002786225.1,ASM278622v1,SAMN07572185,Leptospira sp.,GCA_002786225.1,train,ftp://ftp.ncbi.nlm.nih.gov/genomes/all/GCA/002/786/225/GCA_002786225.1_ASM278622v1,
133,GCA_002839285.1,ASM283928v1,SAMN06767754,Spirochaetae bacterium HGW-Spirochaetae-5,GCA_002839285.1,train,ftp://ftp.ncbi.nlm.nih.gov/genomes/all/GCA/002/839/285/GCA_002839285.1_ASM283928v1,
134,GCA_002716355.1,ASM271635v1,SAMN07618404,bacterium,GCA_002716355.1,train,ftp://ftp.ncbi.nlm.nih.gov/genomes/all/GCA/002/716/355/GCA_002716355.1_ASM271635v1,
135,GCA_001650905.1,ASM165090v1,SAMN04957308,Balneola sp. EhC07,GCF_001650905.1,train,ftp://ftp.ncbi.nlm.nih.gov/genomes/all/GCA/001/650/905/GCA_001650905.1_ASM165090v1,
136,GCA_000020465.1,ASM2046v1,SAMN02598270,Chlorobium limicola DSM 245,GCF_000020465.1,train,ftp://ftp.ncbi.nlm.nih.gov/genomes/all/GCA/000/020/465/GCA_000020465.1_ASM2046v1,
137,GCA_003538625.1,ASM353862v1,none,none,GCA_003538625.1,train,ftp://ftp.ncbi.nlm.nih.gov/genomes/all/GCA/003/538/625/GCA_003538625.1_ASM353862v1,
138,GCA_003142475.1,20120800_E3D,SAMN08180131,Ignavibacteriae bacterium,GCA_003142475.1,train,ftp://ftp.ncbi.nlm.nih.gov/genomes/all/GCA/003/142/475/GCA_003142475.1_20120800_E3D,
139,GCA_001536065.1,JGI_assembly,SAMN03436147,Candidatus Chrysopegis kryptomonas,GCF_001536065.1,train,ftp://ftp.ncbi.nlm.nih.gov/genomes/all/GCA/001/536/065/GCA_001536065.1_JGI_assembly,
140,GCA_002418685.1,ASM241868v1,SAMN06455695,Ignavibacteria bacterium UBA5771,GCA_002418685.1,train,ftp://ftp.ncbi.nlm.nih.gov/genomes/all/GCA/002/418/685/GCA_002418685.1_ASM241868v1,
141,GCA_003246455.1,ASM324645v1,SAMN09287913,Bacteroidetes bacterium,GCA_003246455.1,train,ftp://ftp.ncbi.nlm.nih.gov/genomes/all/GCA/003/246/455/GCA_003246455.1_ASM324645v1,
142,GCA_002327255.1,ASM232725v1,SAMN06452215,bacterium UBA2214,GCA_002327255.1,train,ftp://ftp.ncbi.nlm.nih.gov/genomes/all/GCA/002/327/255/GCA_002327255.1_ASM232725v1,
143,GCA_001304035.1,ASM130403v1,SAMN03994197,bacterium SM23_31,GCA_001304035.1,train,ftp://ftp.ncbi.nlm.nih.gov/genomes/all/GCA/001/304/035/GCA_001304035.1_ASM130403v1,
144,GCA_001886815.1,ASM188681v1,SAMN05946030,Caldithrix abyssi DSM 13497,GCF_001886815.1,train,ftp://ftp.ncbi.nlm.nih.gov/genomes/all/GCA/001/886/815/GCA_001886815.1_ASM188681v1,
145,GCA_002726775.1,ASM272677v1,SAMN07619376,Candidatus Marinimicrobia bacterium,GCA_002726775.1,train,ftp://ftp.ncbi.nlm.nih.gov/genomes/all/GCA/002/726/775/GCA_002726775.1_ASM272677v1,
146,GCA_002452555.1,ASM245255v1,SAMN06456991,Candidatus Marinimicrobia bacterium UBA6817,GCA_002452555.1,train,ftp://ftp.ncbi.nlm.nih.gov/genomes/all/GCA/002/452/555/GCA_002452555.1_ASM245255v1,
147,GCA_001872685.1,ASM187268v1,SAMN04328203,Candidatus Marinimicrobia bacterium CG1_02_48_14,GCA_001872685.1,train,ftp://ftp.ncbi.nlm.nih.gov/genomes/all/GCA/001/872/685/GCA_001872685.1_ASM187268v1,
148,GCA_002774355.1,ASM277435v1,SAMN06659292,Candidatus Marinimicrobia bacterium CG08_land_8_20_14_0_20_45_22,GCA_002774355.1,train,ftp://ftp.ncbi.nlm.nih.gov/genomes/all/GCA/002/774/355/GCA_002774355.1_ASM277435v1,
149,GCA_002382735.1,ASM238273v1,SAMN06454802,bacterium UBP11_UBA4055,GCA_002382735.1,train,ftp://ftp.ncbi.nlm.nih.gov/genomes/all/GCA/002/382/735/GCA_002382735.1_ASM238273v1,
150,GCA_002898195.1,ASM289819v1,SAMD00081381,bacterium BMS3Bbin04,GCA_002898195.1,train,ftp://ftp.ncbi.nlm.nih.gov/genomes/all/GCA/002/898/195/GCA_002898195.1_ASM289819v1,
151,GCA_900177705.1,IMG-taxon_2718218506_annotated_assembly,SAMN05720473,Fibrobacter sp. UWB15,GCF_900177705.1,train,ftp://ftp.ncbi.nlm.nih.gov/genomes/all/GCA/900/177/705/GCA_900177705.1_IMG-taxon_2718218506_annotated_assembly,
152,GCA_001789205.1,ASM178920v1,SAMN04314369,Candidatus Raymondbacteria bacterium RIFOXYA2_FULL_49_16,GCA_001789205.1,train,ftp://ftp.ncbi.nlm.nih.gov/genomes/all/GCA/001/789/205/GCA_001789205.1_ASM178920v1,
153,GCA_001462255.1,ASM146225v1,SAMN03999395,Fibrobacteria bacterium GUT77,GCA_001462255.1,train,ftp://ftp.ncbi.nlm.nih.gov/genomes/all/GCA/001/462/255/GCA_001462255.1_ASM146225v1,
154,GCA_002435865.1,ASM243586v1,SAMN06453688,Cloacimonetes bacterium UBA6097,GCA_002435865.1,train,ftp://ftp.ncbi.nlm.nih.gov/genomes/all/GCA/002/435/865/GCA_002435865.1_ASM243586v1,
155,GCA_003222155.1,ASM322215v1,SAMN08911877,Gemmatimonadetes bacterium,GCA_003222155.1,train,ftp://ftp.ncbi.nlm.nih.gov/genomes/all/GCA/003/222/155/GCA_003222155.1_ASM322215v1,
156,GCA_001780825.1,ASM178082v1,SAMN04315771,Candidatus Glassbacteria bacterium RIFCSPLOWO2_12_FULL_58_11,GCA_001780825.1,train,ftp://ftp.ncbi.nlm.nih.gov/genomes/all/GCA/001/780/825/GCA_001780825.1_ASM178082v1,
157,GCA_002403075.1,ASM240307v1,SAMN06455476,bacterium UBP1_UBA4783,GCA_002403075.1,train,ftp://ftp.ncbi.nlm.nih.gov/genomes/all/GCA/002/403/075/GCA_002403075.1_ASM240307v1,
158,GCA_001780165.1,ASM178016v1,SAMN04313721,Candidatus Eisenbacteria bacterium RBG_16_71_46,GCA_001780165.1,train,ftp://ftp.ncbi.nlm.nih.gov/genomes/all/GCA/001/780/165/GCA_001780165.1_ASM178016v1,
159,GCA_002686915.1,ASM268691v1,SAMN07619151,Gemmatimonadetes bacterium,GCA_002686915.1,train,ftp://ftp.ncbi.nlm.nih.gov/genomes/all/GCA/002/686/915/GCA_002686915.1_ASM268691v1,
160,GCA_002686955.1,ASM268695v1,SAMN07619150,Gemmatimonadetes bacterium,GCA_002686955.1,train,ftp://ftp.ncbi.nlm.nih.gov/genomes/all/GCA/002/686/955/GCA_002686955.1_ASM268695v1,
161,GCA_001777915.1,ASM177791v1,SAMN04314394,Candidatus Edwardsbacteria bacterium RifOxyA12_full_54_48,GCA_001777915.1,train,ftp://ftp.ncbi.nlm.nih.gov/genomes/all/GCA/001/777/915/GCA_001777915.1_ASM177791v1,
162,GCA_001303705.1,ASM130370v1,SAMN03994202,candidate division TA06 bacterium SM23_40,GCA_001303705.1,train,ftp://ftp.ncbi.nlm.nih.gov/genomes/all/GCA/001/303/705/GCA_001303705.1_ASM130370v1,
163,GCA_001304015.1,ASM130401v1,SAMN03994216,candidate division Zixibacteria bacterium SM23_81,GCA_001304015.1,train,ftp://ftp.ncbi.nlm.nih.gov/genomes/all/GCA/001/304/015/GCA_001304015.1_ASM130401v1,
164,GCA_002084765.1,ASM208476v1,SAMN06638386,Candidatus Cloacimonetes bacterium 4572_55,GCA_002084765.1,train,ftp://ftp.ncbi.nlm.nih.gov/genomes/all/GCA/002/084/765/GCA_002084765.1_ASM208476v1,
165,GCA_002712305.1,ASM271230v1,SAMN07619168,Gemmatimonadetes bacterium,GCA_002712305.1,train,ftp://ftp.ncbi.nlm.nih.gov/genomes/all/GCA/002/712/305/GCA_002712305.1_ASM271230v1,
166,GCA_002049985.1,ASM204998v1,SAMN06288098,Candidatus Latescibacteria bacterium 4484_181,GCA_002049985.1,train,ftp://ftp.ncbi.nlm.nih.gov/genomes/all/GCA/002/049/985/GCA_002049985.1_ASM204998v1,
167,GCA_002059205.1,ASM205920v1,SAMN06287578,Candidatus Latescibacteria bacterium 4484_107,GCA_002059205.1,train,ftp://ftp.ncbi.nlm.nih.gov/genomes/all/GCA/002/059/205/GCA_002059205.1_ASM205920v1,
168,GCA_000403035.1,ASM40303v1,SAMN02441742,Candidatus Latescibacter anaerobius SCGC AAA252-E07,GCA_000403035.1,train,ftp://ftp.ncbi.nlm.nih.gov/genomes/all/GCA/000/403/035/GCA_000403035.1_ASM40303v1,
169,GCA_002085375.1,ASM208537v1,SAMN06624697,candidate division Zixibacteria bacterium 4484_95,GCA_002085375.1,train,ftp://ftp.ncbi.nlm.nih.gov/genomes/all/GCA/002/085/375/GCA_002085375.1_ASM208537v1,
170,GCA_002085385.1,ASM208538v1,SAMN06624686,candidate division Zixibacteria bacterium 4484_93,GCA_002085385.1,train,ftp://ftp.ncbi.nlm.nih.gov/genomes/all/GCA/002/085/385/GCA_002085385.1_ASM208538v1,
171,GCA_002316275.1,ASM231627v1,SAMN06455730,candidate division WOR-3 bacterium UBA1063,GCA_002316275.1,train,ftp://ftp.ncbi.nlm.nih.gov/genomes/all/GCA/002/316/275/GCA_002316275.1_ASM231627v1,
172,GCA_000494225.1,Calescamantes_bacterium_OTU_1,SAMN02441764,Candidatus Calescibacterium nevadense OTU 1,GCA_000494225.1,train,ftp://ftp.ncbi.nlm.nih.gov/genomes/all/GCA/000/494/225/GCA_000494225.1_Calescamantes_bacterium_OTU_1,
173,GCA_001303785.1,ASM130378v1,SAMN03994203,candidate division WOR_3 bacterium SM23_42,GCA_001303785.1,train,ftp://ftp.ncbi.nlm.nih.gov/genomes/all/GCA/001/303/785/GCA_001303785.1_ASM130378v1,
174,GCA_002366725.1,ASM236672v1,SAMN06455134,candidate division WOR-3 bacterium UBA3073,GCA_002366725.1,train,ftp://ftp.ncbi.nlm.nih.gov/genomes/all/GCA/002/366/725/GCA_002366725.1_ASM236672v1,
175,GCA_002256535.1,ASM225653v1,SAMN07350899,candidate division bacterium WOR-3 4484_18,GCA_002256535.1,train,ftp://ftp.ncbi.nlm.nih.gov/genomes/all/GCA/002/256/535/GCA_002256535.1_ASM225653v1,
176,GCA_002215665.1,ASM221566v1,SAMN06887667,candidate division TA06 bacterium JGI_Cruoil_03_38_101,GCA_002215665.1,train,ftp://ftp.ncbi.nlm.nih.gov/genomes/all/GCA/002/215/665/GCA_002215665.1_ASM221566v1,
177,GCA_001508335.1,ASM150833v1,SAMN03445151,candidate division TA06 bacterium 32_111,GCA_001508335.1,train,ftp://ftp.ncbi.nlm.nih.gov/genomes/all/GCA/001/508/335/GCA_001508335.1_ASM150833v1,
178,GCA_001412365.1,ASM141236v1,SAMN04125646,Desulfuromonas sp. SDB,GCA_001412365.1,train,ftp://ftp.ncbi.nlm.nih.gov/genomes/all/GCA/001/412/365/GCA_001412365.1_ASM141236v1,
179,GCA_002030045.1,ASM203004v1,SAMN04330451,Candidatus Aegiribacteria bacterium MLS_C,GCA_002030045.1,train,ftp://ftp.ncbi.nlm.nih.gov/genomes/all/GCA/002/030/045/GCA_002030045.1_ASM203004v1,
180,GCA_002699335.1,ASM269933v1,SAMN07619758,Candidatus Poribacteria bacterium,GCA_002699335.1,train,ftp://ftp.ncbi.nlm.nih.gov/genomes/all/GCA/002/699/335/GCA_002699335.1_ASM269933v1,
181,GCA_002746185.1,ASM274618v1,SAMN07568857,Candidatus Hydrogenedentes bacterium,GCA_002746185.1,train,ftp://ftp.ncbi.nlm.nih.gov/genomes/all/GCA/002/746/185/GCA_002746185.1_ASM274618v1,
182,GCA_001567115.1,ASM156711v1,SAMN03372536,Omnitrophica bacterium OLB16,GCA_001567115.1,train,ftp://ftp.ncbi.nlm.nih.gov/genomes/all/GCA/001/567/115/GCA_001567115.1_ASM156711v1,
183,GCA_001774505.1,ASM177450v1,SAMN04313985,Candidatus Coatesbacteria bacterium RBG_13_66_14,GCA_001774505.1,train,ftp://ftp.ncbi.nlm.nih.gov/genomes/all/GCA/001/774/505/GCA_001774505.1_ASM177450v1,
184,GCA_002842095.1,ASM284209v1,SAMN06767623,candidate division BRC1 bacterium HGW-BRC1-1,GCA_002842095.1,train,ftp://ftp.ncbi.nlm.nih.gov/genomes/all/GCA/002/842/095/GCA_002842095.1_ASM284209v1,
185,GCA_002715745.1,ASM271574v1,SAMN07620247,Woeseiaceae bacterium,GCA_002715745.1,train,ftp://ftp.ncbi.nlm.nih.gov/genomes/all/GCA/002/715/745/GCA_002715745.1_ASM271574v1,
186,GCA_002779605.1,ASM277960v1,SAMN06659231,Zetaproteobacteria bacterium CG06_land_8_20_14_3_00_59_53,GCA_002779605.1,train,ftp://ftp.ncbi.nlm.nih.gov/genomes/all/GCA/002/779/605/GCA_002779605.1_ASM277960v1,
187,GCA_002109495.1,ASM210949v1,SAMN04574817,Magnetofaba australis IT-1,GCF_002109495.1,train,ftp://ftp.ncbi.nlm.nih.gov/genomes/all/GCA/002/109/495/GCA_002109495.1_ASM210949v1,
188,GCA_000992305.1,ASM99230v1,SAMN03319398,candidate division TM6 bacterium GW2011_GWF2_38_10,GCA_000992305.1,train,ftp://ftp.ncbi.nlm.nih.gov/genomes/all/GCA/000/992/305/GCA_000992305.1_ASM99230v1,
189,GCA_002325765.1,ASM232576v1,SAMN06456904,bacterium UBA1459,GCA_002325765.1,train,ftp://ftp.ncbi.nlm.nih.gov/genomes/all/GCA/002/325/765/GCA_002325765.1_ASM232576v1,
190,GCA_002309575.1,ASM230957v1,SAMN06454758,bacterium UBP6_UBA1209,GCA_002309575.1,train,ftp://ftp.ncbi.nlm.nih.gov/genomes/all/GCA/002/309/575/GCA_002309575.1_ASM230957v1,
191,GCA_002082305.1,ASM208230v1,SAMN04448864,SAR324 cluster bacterium SAR324-CTD7B,GCA_002082305.1,train,ftp://ftp.ncbi.nlm.nih.gov/genomes/all/GCA/002/082/305/GCA_002082305.1_ASM208230v1,
192,GCA_002913305.1,ASM291330v1,SAMN08200415,Campylobacter concisus,GCF_002913305.1,train,ftp://ftp.ncbi.nlm.nih.gov/genomes/all/GCA/002/913/305/GCA_002913305.1_ASM291330v1,
193,GCA_002119425.1,ASM211942v1,SAMN05511439,Desulfurella amilsii,GCF_002119425.1,train,ftp://ftp.ncbi.nlm.nih.gov/genomes/all/GCA/002/119/425/GCA_002119425.1_ASM211942v1,
194,GCA_002878035.1,ASM287803v1,SAMN08107306,Sulfurihydrogenibium sp.,GCA_002878035.1,train,ftp://ftp.ncbi.nlm.nih.gov/genomes/all/GCA/002/878/035/GCA_002878035.1_ASM287803v1,
195,GCA_000421485.1,ASM42148v1,SAMN02440891,Desulfurobacterium sp. TC5-1,GCF_000421485.1,train,ftp://ftp.ncbi.nlm.nih.gov/genomes/all/GCA/000/421/485/GCA_000421485.1_ASM42148v1,
196,GCA_001547735.1,ASM154773v1,SAMD00061062,Thermosulfidibacter takaii ABI70S6,GCF_001547735.1,train,ftp://ftp.ncbi.nlm.nih.gov/genomes/all/GCA/001/547/735/GCA_001547735.1_ASM154773v1,
197,GCA_002878065.1,ASM287806v1,SAMN08107314,Calditerrivibrio nitroreducens,GCA_002878065.1,train,ftp://ftp.ncbi.nlm.nih.gov/genomes/all/GCA/002/878/065/GCA_002878065.1_ASM287806v1,
198,GCA_000469585.1,Chrysiogenes_arsenatis,SAMN02471296,Chrysiogenes arsenatis DSM 11915,GCF_000469585.1,train,ftp://ftp.ncbi.nlm.nih.gov/genomes/all/GCA/000/469/585/GCA_000469585.1_Chrysiogenes_arsenatis,
199,GCA_002708105.1,ASM270810v1,SAMN07618396,bacterium,GCA_002708105.1,train,ftp://ftp.ncbi.nlm.nih.gov/genomes/all/GCA/002/708/105/GCA_002708105.1_ASM270810v1,
200,GCA_003232385.1,ASM323238v1,SAMN09240063,bacterium,GCA_003232385.1,train,ftp://ftp.ncbi.nlm.nih.gov/genomes/all/GCA/003/232/385/GCA_003232385.1_ASM323238v1,
201,GCA_003252055.1,ASM325205v1,SAMN09288001,Desulfobacter postgatei,GCA_003252055.1,train,ftp://ftp.ncbi.nlm.nih.gov/genomes/all/GCA/003/252/055/GCA_003252055.1_ASM325205v1,
202,GCA_001603845.1,ASM160384v1,SAMN03837530,Syntrophobacterales bacterium Delta_01,GCA_001603845.1,train,ftp://ftp.ncbi.nlm.nih.gov/genomes/all/GCA/001/603/845/GCA_001603845.1_ASM160384v1,
203,GCA_002011835.1,ASM201183v1,SAMN06226412,Desulfarculaceae bacterium JdFR-95,GCA_002011835.1,train,ftp://ftp.ncbi.nlm.nih.gov/genomes/all/GCA/002/011/835/GCA_002011835.1_ASM201183v1,
204,GCA_000195295.1,ASM19529v1,SAMN00713603,Desulfobacca acetoxidans DSM 11109,GCF_000195295.1,train,ftp://ftp.ncbi.nlm.nih.gov/genomes/all/GCA/000/195/295/GCA_000195295.1_ASM19529v1,
205,GCA_001797675.1,ASM179767v1,SAMN04314000,Deltaproteobacteria bacterium RBG_13_43_22,GCA_001797675.1,train,ftp://ftp.ncbi.nlm.nih.gov/genomes/all/GCA/001/797/675/GCA_001797675.1_ASM179767v1,
206,GCA_003509305.1,ASM350930v1,none,none,GCA_003509305.1,train,ftp://ftp.ncbi.nlm.nih.gov/genomes/all/GCA/003/509/305/GCA_003509305.1_ASM350930v1,
207,GCA_000423845.1,ASM42384v1,SAMN02441489,Thermodesulfobacterium hveragerdense DSM 12571,GCF_000423845.1,train,ftp://ftp.ncbi.nlm.nih.gov/genomes/all/GCA/000/423/845/GCA_000423845.1_ASM42384v1,
208,GCA_001687335.1,ASM168733v1,SAMN05251087,Dissulfuribacter thermophilus,GCF_001687335.1,train,ftp://ftp.ncbi.nlm.nih.gov/genomes/all/GCA/001/687/335/GCA_001687335.1_ASM168733v1,
209,GCA_001304365.1,ASM130436v1,SAMN03994151,Syntrophobacter sp. DG_60,GCA_001304365.1,train,ftp://ftp.ncbi.nlm.nih.gov/genomes/all/GCA/001/304/365/GCA_001304365.1_ASM130436v1,
210,GCA_003142535.1,20120800_E2X,SAMN08180125,Syntrophaceae bacterium,GCA_003142535.1,train,ftp://ftp.ncbi.nlm.nih.gov/genomes/all/GCA/003/142/535/GCA_003142535.1_20120800_E2X,
211,GCA_002010915.1,ASM201091v1,SAMN06226414,Desulfarculaceae bacterium JdFR-97,GCA_002010915.1,train,ftp://ftp.ncbi.nlm.nih.gov/genomes/all/GCA/002/010/915/GCA_002010915.1_ASM201091v1,
212,GCA_001797905.1,ASM179790v1,SAMN04314029,Deltaproteobacteria bacterium RBG_16_54_11,GCA_001797905.1,train,ftp://ftp.ncbi.nlm.nih.gov/genomes/all/GCA/001/797/905/GCA_001797905.1_ASM179790v1,
213,GCA_002418945.1,ASM241894v1,SAMN06454534,Deltaproteobacteria bacterium UBA5758,GCA_002418945.1,train,ftp://ftp.ncbi.nlm.nih.gov/genomes/all/GCA/002/418/945/GCA_002418945.1_ASM241894v1,
214,GCA_002316295.1,ASM231629v1,SAMN06455729,Syntrophaceae bacterium UBA1062,GCA_002316295.1,train,ftp://ftp.ncbi.nlm.nih.gov/genomes/all/GCA/002/316/295/GCA_002316295.1_ASM231629v1,
215,GCA_002841765.1,ASM284176v1,SAMN06767655,Deltaproteobacteria bacterium HGW-Deltaproteobacteria-4,GCA_002841765.1,train,ftp://ftp.ncbi.nlm.nih.gov/genomes/all/GCA/002/841/765/GCA_002841765.1_ASM284176v1,
216,GCA_001795535.1,ASM179553v1,SAMN04314173,Deltaproteobacteria bacterium GWA2_54_12,GCA_001795535.1,train,ftp://ftp.ncbi.nlm.nih.gov/genomes/all/GCA/001/795/535/GCA_001795535.1_ASM179553v1,
217,GCA_002839535.1,ASM283953v1,SAMN06767742,Nitrospira bacterium HGW-Nitrospira-1,GCA_002839535.1,train,ftp://ftp.ncbi.nlm.nih.gov/genomes/all/GCA/002/839/535/GCA_002839535.1_ASM283953v1,
218,GCA_001458695.1,NiCh1,SAMEA3560316,Candidatus Nitrospira inopinata,GCF_001458695.1,train,ftp://ftp.ncbi.nlm.nih.gov/genomes/all/GCA/001/458/695/GCA_001458695.1_NiCh1,
219,GCA_001803705.1,ASM180370v1,SAMN04313879,Nitrospirae bacterium GWC2_56_14,GCA_001803705.1,train,ftp://ftp.ncbi.nlm.nih.gov/genomes/all/GCA/001/803/705/GCA_001803705.1_ASM180370v1,
220,GCA_001803795.1,ASM180379v1,SAMN04313704,Nitrospirae bacterium RBG_16_64_22,GCA_001803795.1,train,ftp://ftp.ncbi.nlm.nih.gov/genomes/all/GCA/001/803/795/GCA_001803795.1_ASM180379v1,
221,GCA_001873285.1,ASM187328v1,SAMN04328285,Nitrospirae bacterium CG2_30_53_67,GCA_001873285.1,train,ftp://ftp.ncbi.nlm.nih.gov/genomes/all/GCA/001/873/285/GCA_001873285.1_ASM187328v1,
222,GCA_003221515.1,ASM322151v1,SAMN08911940,Candidatus Rokubacteria bacterium,GCA_003221515.1,train,ftp://ftp.ncbi.nlm.nih.gov/genomes/all/GCA/003/221/515/GCA_003221515.1_ASM322151v1,
223,GCA_000739515.1,ASM73951v1,SAMD00016904,Candidatus Moduliflexus flocculans,GCA_000739515.1,train,ftp://ftp.ncbi.nlm.nih.gov/genomes/all/GCA/000/739/515/GCA_000739515.1_ASM73951v1,
224,GCA_003230635.1,ASM323063v1,SAMN09240166,bacterium,GCA_003230635.1,train,ftp://ftp.ncbi.nlm.nih.gov/genomes/all/GCA/003/230/635/GCA_003230635.1_ASM323063v1,
225,GCA_002731985.1,ASM273198v1,SAMN07619521,Nitrospinae bacterium,GCA_002731985.1,train,ftp://ftp.ncbi.nlm.nih.gov/genomes/all/GCA/002/731/985/GCA_002731985.1_ASM273198v1,
226,GCA_002500605.1,ASM250060v1,SAMN06450621,Nitrospinaceae bacterium UBA7883,GCA_002500605.1,train,ftp://ftp.ncbi.nlm.nih.gov/genomes/all/GCA/002/500/605/GCA_002500605.1_ASM250060v1,
227,GCA_001804915.1,ASM180491v1,SAMN04315473,Nitrospinae bacterium RIFCSPHIGHO2_02_FULL_39_82,GCA_001804915.1,train,ftp://ftp.ncbi.nlm.nih.gov/genomes/all/GCA/001/804/915/GCA_001804915.1_ASM180491v1,
228,GCA_001803565.1,ASM180356v1,SAMN04315881,Nitrospinae bacterium RIFCSPLOWO2_12_FULL_45_22,GCA_001803565.1,train,ftp://ftp.ncbi.nlm.nih.gov/genomes/all/GCA/001/803/565/GCA_001803565.1_ASM180356v1,
229,GCA_002377645.1,ASM237764v1,SAMN06457116,Nitrospinaceae bacterium UBA3496,GCA_002377645.1,train,ftp://ftp.ncbi.nlm.nih.gov/genomes/all/GCA/002/377/645/GCA_002377645.1_ASM237764v1,
230,GCA_000522425.1,v3,SAMN02420412,Candidatus Entotheonella factor,GCA_000522425.1,train,ftp://ftp.ncbi.nlm.nih.gov/genomes/all/GCA/000/522/425/GCA_000522425.1_v3,
231,GCA_001790715.1,ASM179071v1,SAMN04314270,Candidatus Schekmanbacteria bacterium RBG_16_38_11,GCA_001790715.1,train,ftp://ftp.ncbi.nlm.nih.gov/genomes/all/GCA/001/790/715/GCA_001790715.1_ASM179071v1,
232,GCA_003228585.1,ASM322858v1,SAMN09240188,Proteobacteria bacterium,GCA_003228585.1,train,ftp://ftp.ncbi.nlm.nih.gov/genomes/all/GCA/003/228/585/GCA_003228585.1_ASM322858v1,
233,GCA_001798995.1,ASM179899v1,SAMN04315407,Deltaproteobacteria bacterium RIFCSPHIGHO2_02_FULL_60_17,GCA_001798995.1,train,ftp://ftp.ncbi.nlm.nih.gov/genomes/all/GCA/001/798/995/GCA_001798995.1_ASM179899v1,
234,GCA_000526155.1,ASM52615v1,SAMN02584914,Deferrisoma camini S3R1,GCA_000526155.1,train,ftp://ftp.ncbi.nlm.nih.gov/genomes/all/GCA/000/526/155/GCA_000526155.1_ASM52615v1,
235,GCA_001797445.1,ASM179744v1,SAMN04313911,Deltaproteobacteria bacterium GWA2_65_63,GCA_001797445.1,train,ftp://ftp.ncbi.nlm.nih.gov/genomes/all/GCA/001/797/445/GCA_001797445.1_ASM179744v1,
236,GCA_003170555.1,20110800_E3D,SAMN08179068,Deltaproteobacteria bacterium,GCA_003170555.1,train,ftp://ftp.ncbi.nlm.nih.gov/genomes/all/GCA/003/170/555/GCA_003170555.1_20110800_E3D,
237,GCA_001873295.1,ASM187329v1,SAMN04328286,Nitrospirae bacterium CG2_30_70_394,GCA_001873295.1,train,ftp://ftp.ncbi.nlm.nih.gov/genomes/all/GCA/001/873/295/GCA_001873295.1_ASM187329v1,
238,GCA_001797815.1,ASM179781v1,SAMN04313688,Deltaproteobacteria bacterium RBG_13_61_14,GCA_001797815.1,train,ftp://ftp.ncbi.nlm.nih.gov/genomes/all/GCA/001/797/815/GCA_001797815.1_ASM179781v1,
239,GCA_003153015.1,20120700_E3M,SAMN08179787,Myxococcales bacterium,GCA_003153015.1,train,ftp://ftp.ncbi.nlm.nih.gov/genomes/all/GCA/003/153/015/GCA_003153015.1_20120700_E3M,
240,GCA_002309695.1,ASM230969v1,SAMN06454754,Myxococcales bacterium UBA1203,GCA_002309695.1,train,ftp://ftp.ncbi.nlm.nih.gov/genomes/all/GCA/002/309/695/GCA_002309695.1_ASM230969v1,
241,GCA_001798605.1,ASM179860v1,SAMN04314410,Deltaproteobacteria bacterium RIFOXYA12_FULL_58_15,GCA_001798605.1,train,ftp://ftp.ncbi.nlm.nih.gov/genomes/all/GCA/001/798/605/GCA_001798605.1_ASM179860v1,
242,GCA_002722845.1,ASM272284v1,SAMN07619499,Myxococcales bacterium,GCA_002722845.1,train,ftp://ftp.ncbi.nlm.nih.gov/genomes/all/GCA/002/722/845/GCA_002722845.1_ASM272284v1,
243,GCA_003258315.1,ASM325831v1,SAMN09396997,Bradymonas sediminis,GCF_003258315.1,train,ftp://ftp.ncbi.nlm.nih.gov/genomes/all/GCA/003/258/315/GCA_003258315.1_ASM325831v1,
244,GCA_002841945.1,ASM284194v1,SAMN06767642,Deltaproteobacteria bacterium HGW-Deltaproteobacteria-14,GCA_002841945.1,train,ftp://ftp.ncbi.nlm.nih.gov/genomes/all/GCA/002/841/945/GCA_002841945.1_ASM284194v1,
245,GCA_002731275.1,ASM273127v1,SAMN07618665,Deltaproteobacteria bacterium,GCA_002731275.1,train,ftp://ftp.ncbi.nlm.nih.gov/genomes/all/GCA/002/731/275/GCA_002731275.1_ASM273127v1,
246,GCA_002709835.1,ASM270983v1,SAMN07618676,Deltaproteobacteria bacterium,GCA_002709835.1,train,ftp://ftp.ncbi.nlm.nih.gov/genomes/all/GCA/002/709/835/GCA_002709835.1_ASM270983v1,
247,GCA_002296975.1,ASM229697v1,SAMN06455911,Deltaproteobacteria bacterium UBA796,GCA_002296975.1,train,ftp://ftp.ncbi.nlm.nih.gov/genomes/all/GCA/002/296/975/GCA_002296975.1_ASM229697v1,
248,GCA_002238945.1,ASM223894v1,SAMN05959529,Proteobacteria bacterium bin106,GCA_002238945.1,train,ftp://ftp.ncbi.nlm.nih.gov/genomes/all/GCA/002/238/945/GCA_002238945.1_ASM223894v1,
249,GCA_002343185.1,ASM234318v1,SAMN06453627,Deltaproteobacteria bacterium UBA2409,GCA_002343185.1,train,ftp://ftp.ncbi.nlm.nih.gov/genomes/all/GCA/002/343/185/GCA_002343185.1_ASM234318v1,
250,GCA_001799195.1,ASM179919v1,SAMN04314405,Deltaproteobacteria bacterium RIFOXYA12_FULL_61_11,GCA_001799195.1,train,ftp://ftp.ncbi.nlm.nih.gov/genomes/all/GCA/001/799/195/GCA_001799195.1_ASM179919v1,
251,GCA_001770175.1,ASM177017v1,SAMN04314756,Bdellovibrionales bacterium RIFOXYD1_FULL_55_31,GCA_001770175.1,train,ftp://ftp.ncbi.nlm.nih.gov/genomes/all/GCA/001/770/175/GCA_001770175.1_ASM177017v1,
252,GCA_002787535.1,ASM278753v1,SAMN06659493,Deltaproteobacteria bacterium CG11_big_fil_rev_8_21_14_0_20_45_16,GCA_002787535.1,train,ftp://ftp.ncbi.nlm.nih.gov/genomes/all/GCA/002/787/535/GCA_002787535.1_ASM278753v1,
253,GCA_002344565.1,ASM234456v1,SAMN06450675,Bdellovibrionaceae bacterium UBA2351,GCA_002344565.1,train,ftp://ftp.ncbi.nlm.nih.gov/genomes/all/GCA/002/344/565/GCA_002344565.1_ASM234456v1,
254,GCA_001798105.1,ASM179810v1,SAMN04315323,Deltaproteobacteria bacterium RIFCSPHIGHO2_02_FULL_40_11,GCA_001798105.1,train,ftp://ftp.ncbi.nlm.nih.gov/genomes/all/GCA/001/798/105/GCA_001798105.1_ASM179810v1,
255,GCA_002342225.1,ASM234222v1,SAMN06453347,Bdellovibrionaceae bacterium UBA2466,GCA_002342225.1,train,ftp://ftp.ncbi.nlm.nih.gov/genomes/all/GCA/002/342/225/GCA_002342225.1_ASM234222v1,
256,GCA_001798715.1,ASM179871v1,SAMN04316063,Deltaproteobacteria bacterium RIFCSPLOWO2_02_FULL_50_16,GCA_001798715.1,train,ftp://ftp.ncbi.nlm.nih.gov/genomes/all/GCA/001/798/715/GCA_001798715.1_ASM179871v1,
257,GCA_000307955.1,ASM30795v1,SAMN01813472,Desulfovibrio magneticus str. Maddingley MBC34,GCA_000307955.1,train,ftp://ftp.ncbi.nlm.nih.gov/genomes/all/GCA/000/307/955/GCA_000307955.1_ASM30795v1,
258,GCA_002387725.1,ASM238772v1,SAMN06450526,Nitrospirae bacterium UBA4572,GCA_002387725.1,train,ftp://ftp.ncbi.nlm.nih.gov/genomes/all/GCA/002/387/725/GCA_002387725.1_ASM238772v1,
259,GCA_002347965.1,ASM234796v1,SAMN06453794,Nitrospirae bacterium UBA2233,GCA_002347965.1,train,ftp://ftp.ncbi.nlm.nih.gov/genomes/all/GCA/002/347/965/GCA_002347965.1_ASM234796v1,
260,GCA_000421065.1,ASM42106v1,SAMN02440899,Acidobacteriaceae bacterium TAA166,GCF_000421065.1,train,ftp://ftp.ncbi.nlm.nih.gov/genomes/all/GCA/000/421/065/GCA_000421065.1_ASM42106v1,
261,GCA_000820845.2,K22,SAMEA3158464,Pyrinomonas methylaliphatogenes,GCF_000820845.2,train,ftp://ftp.ncbi.nlm.nih.gov/genomes/all/GCA/000/820/845/GCA_000820845.2_K22,
262,GCA_002451015.1,ASM245101v1,SAMN06451230,Acidobacteria bacterium UBA6911,GCA_002451015.1,train,ftp://ftp.ncbi.nlm.nih.gov/genomes/all/GCA/002/451/015/GCA_002451015.1_ASM245101v1,
263,GCA_003222295.1,ASM322229v1,SAMN08912114,Acidobacteria bacterium,GCA_003222295.1,train,ftp://ftp.ncbi.nlm.nih.gov/genomes/all/GCA/003/222/295/GCA_003222295.1_ASM322229v1,
264,GCA_003223145.1,ASM322314v1,SAMN08912088,Acidobacteria bacterium,GCA_003223145.1,train,ftp://ftp.ncbi.nlm.nih.gov/genomes/all/GCA/003/223/145/GCA_003223145.1_ASM322314v1,
265,GCA_002731215.1,ASM273121v1,SAMN07618220,Acidobacteria bacterium,GCA_002731215.1,train,ftp://ftp.ncbi.nlm.nih.gov/genomes/all/GCA/002/731/215/GCA_002731215.1_ASM273121v1,
266,GCA_002238705.1,ASM223870v1,SAMN05959517,Acidobacteria bacterium bin61,GCA_002238705.1,train,ftp://ftp.ncbi.nlm.nih.gov/genomes/all/GCA/002/238/705/GCA_002238705.1_ASM223870v1,
267,GCA_003152095.1,20120700_P3D,SAMN08179850,Acidobacteria bacterium,GCA_003152095.1,train,ftp://ftp.ncbi.nlm.nih.gov/genomes/all/GCA/003/152/095/GCA_003152095.1_20120700_P3D,
268,GCA_002297665.1,ASM229766v1,SAMN06452253,Holophagaceae bacterium UBA692,GCA_002297665.1,train,ftp://ftp.ncbi.nlm.nih.gov/genomes/all/GCA/002/297/665/GCA_002297665.1_ASM229766v1,
269,GCA_002747255.1,ASM274725v1,SAMN07757424,Acidobacteria bacterium,GCA_002747255.1,train,ftp://ftp.ncbi.nlm.nih.gov/genomes/all/GCA/002/747/255/GCA_002747255.1_ASM274725v1,
270,GCA_002789615.1,ASM278961v1,SAMN06660039,Acidobacteria bacterium CG_4_9_14_3_um_filter_49_7,GCA_002789615.1,train,ftp://ftp.ncbi.nlm.nih.gov/genomes/all/GCA/002/789/615/GCA_002789615.1_ASM278961v1,
271,GCA_002010725.1,ASM201072v1,SAMN06226397,Candidatus Aminicenantes bacterium JdFR-80,GCA_002010725.1,train,ftp://ftp.ncbi.nlm.nih.gov/genomes/all/GCA/002/010/725/GCA_002010725.1_ASM201072v1,
272,GCA_002402325.1,ASM240232v1,SAMN06453056,Candidatus Aminicenantes bacterium UBA4820,GCA_002402325.1,train,ftp://ftp.ncbi.nlm.nih.gov/genomes/all/GCA/002/402/325/GCA_002402325.1_ASM240232v1,
273,GCA_002898535.1,ASM289853v1,SAMD00093761,bacterium HR11,GCA_002898535.1,train,ftp://ftp.ncbi.nlm.nih.gov/genomes/all/GCA/002/898/535/GCA_002898535.1_ASM289853v1,
274,GCA_001784175.1,ASM178417v1,SAMN04315822,Candidatus Lindowbacteria bacterium RIFCSPLOWO2_12_FULL_62_27,GCA_001784175.1,train,ftp://ftp.ncbi.nlm.nih.gov/genomes/all/GCA/001/784/175/GCA_001784175.1_ASM178417v1,
275,GCA_002780065.1,ASM278006v1,SAMN06659243,Candidatus Hydrogenedentes bacterium CG07_land_8_20_14_0_80_42_17,GCA_002780065.1,train,ftp://ftp.ncbi.nlm.nih.gov/genomes/all/GCA/002/780/065/GCA_002780065.1_ASM278006v1,
276,GCA_001804045.1,ASM180404v1,SAMN04314093,Omnitrophica bacterium RBG_13_46_9,GCA_001804045.1,train,ftp://ftp.ncbi.nlm.nih.gov/genomes/all/GCA/001/804/045/GCA_001804045.1_ASM180404v1,
277,GCA_001804225.1,ASM180422v1,SAMN04315226,Omnitrophica bacterium RIFCSPLOWO2_01_FULL_50_24,GCA_001804225.1,train,ftp://ftp.ncbi.nlm.nih.gov/genomes/all/GCA/001/804/225/GCA_001804225.1_ASM180422v1,
278,GCA_002085025.1,ASM208502v1,SAMN06560474,Candidatus Omnitrophica bacterium 4484_213,GCA_002085025.1,train,ftp://ftp.ncbi.nlm.nih.gov/genomes/all/GCA/002/085/025/GCA_002085025.1_ASM208502v1,
279,GCA_001730085.1,AB1_pvc,SAMN03766366,PVC group bacterium (ex Bugula neritina AB1),GCA_001730085.1,train,ftp://ftp.ncbi.nlm.nih.gov/genomes/all/GCA/001/730/085/GCA_001730085.1_AB1_pvc,
280,GCA_003167475.1,20110700_P2D,SAMN08178906,candidate division FCPU426 bacterium,GCA_003167475.1,train,ftp://ftp.ncbi.nlm.nih.gov/genomes/all/GCA/003/167/475/GCA_003167475.1_20110700_P2D,
281,GCA_001778375.1,ASM177837v1,SAMN04314657,Candidatus Firestonebacteria bacterium RIFOXYD2_FULL_39_29,GCA_001778375.1,train,ftp://ftp.ncbi.nlm.nih.gov/genomes/all/GCA/001/778/375/GCA_001778375.1_ASM177837v1,
282,GCA_003136635.1,20110800_S3S,SAMN08179243,candidate division FCPU426 bacterium,GCA_003136635.1,train,ftp://ftp.ncbi.nlm.nih.gov/genomes/all/GCA/003/136/635/GCA_003136635.1_20110800_S3S,
283,GCA_002428325.1,ASM242832v1,SAMN06453266,bacterium UBP4_UBA6127,GCA_002428325.1,train,ftp://ftp.ncbi.nlm.nih.gov/genomes/all/GCA/002/428/325/GCA_002428325.1_ASM242832v1,
284,GCA_001873945.1,ASM187394v1,SAMN04328251,Candidatus Desantisbacteria bacterium CG2_30_40_21,GCA_001873945.1,train,ftp://ftp.ncbi.nlm.nih.gov/genomes/all/GCA/001/873/945/GCA_001873945.1_ASM187394v1,
285,GCA_003498085.1,ASM349808v1,none,none,GCA_003498085.1,train,ftp://ftp.ncbi.nlm.nih.gov/genomes/all/GCA/003/498/085/GCA_003498085.1_ASM349808v1,
286,GCA_003485015.1,ASM348501v1,none,none,GCA_003485015.1,train,ftp://ftp.ncbi.nlm.nih.gov/genomes/all/GCA/003/485/015/GCA_003485015.1_ASM348501v1,
287,GCA_002478245.1,ASM247824v1,SAMN06455583,bacterium UBP18_UBA7526,GCA_002478245.1,train,ftp://ftp.ncbi.nlm.nih.gov/genomes/all/GCA/002/478/245/GCA_002478245.1_ASM247824v1,
288,GCA_001871015.1,ASM187101v1,SAMN04328222,Candidatus Desantisbacteria bacterium CG1_02_38_46,GCA_001871015.1,train,ftp://ftp.ncbi.nlm.nih.gov/genomes/all/GCA/001/871/015/GCA_001871015.1_ASM187101v1,
289,GCA_002791075.1,ASM279107v1,SAMN06660111,bacterium (Candidatus Ratteibacteria) CG_4_9_14_3_um_filter_41_21,GCA_002791075.1,train,ftp://ftp.ncbi.nlm.nih.gov/genomes/all/GCA/002/791/075/GCA_002791075.1_ASM279107v1,
290,GCA_000402295.1,ASM40229v1,SAMN02441749,Candidatus Aerophobus profundus SCGC AAA252-L23,GCA_000402295.1,train,ftp://ftp.ncbi.nlm.nih.gov/genomes/all/GCA/000/402/295/GCA_000402295.1_ASM40229v1,
291,GCA_002311025.1,ASM231102v1,SAMN06457421,Elusimicrobia bacterium UBA1174,GCA_002311025.1,train,ftp://ftp.ncbi.nlm.nih.gov/genomes/all/GCA/002/311/025/GCA_002311025.1_ASM231102v1,
292,GCA_001871125.1,ASM187112v1,SAMN04328241,Elusimicrobia bacterium CG1_02_37_114,GCA_001871125.1,train,ftp://ftp.ncbi.nlm.nih.gov/genomes/all/GCA/001/871/125/GCA_001871125.1_ASM187112v1,
293,GCA_002412545.1,ASM241254v1,SAMN06455354,Elusimicrobia bacterium UBA5214,GCA_002412545.1,train,ftp://ftp.ncbi.nlm.nih.gov/genomes/all/GCA/002/412/545/GCA_002412545.1_ASM241254v1,
294,GCA_002402375.1,ASM240237v1,SAMN06454096,Elusimicrobia bacterium UBA4817,GCA_002402375.1,train,ftp://ftp.ncbi.nlm.nih.gov/genomes/all/GCA/002/402/375/GCA_002402375.1_ASM240237v1,
295,GCA_003153935.1,20120700_E3M,SAMN08179779,Elusimicrobia bacterium,GCA_003153935.1,train,ftp://ftp.ncbi.nlm.nih.gov/genomes/all/GCA/003/153/935/GCA_003153935.1_20120700_E3M,
296,GCA_900321865.1,Rumen_uncultured_genome_RUG730,SAMEA104666744,uncultured Elusimicrobia bacterium,GCA_900321865.1,train,ftp://ftp.ncbi.nlm.nih.gov/genomes/all/GCA/900/321/865/GCA_900321865.1_Rumen_uncultured_genome_RUG730,
297,GCA_002780705.1,ASM278070v1,SAMN06659190,Elusimicrobia bacterium CG03_land_8_20_14_0_80_50_18,GCA_002780705.1,train,ftp://ftp.ncbi.nlm.nih.gov/genomes/all/GCA/002/780/705/GCA_002780705.1_ASM278070v1,
298,GCA_001563805.1,ASM156380v1,SAMN04123323,Natrialbaceae archaeon B1-Br10_E2g2,GCA_001563805.1,train,ftp://ftp.ncbi.nlm.nih.gov/genomes/all/GCA/001/563/805/GCA_001563805.1_ASM156380v1,
299,GCA_002506105.1,ASM250610v1,SAMN06027537,Methanolinea sp. UBA275,GCA_002506105.1,train,ftp://ftp.ncbi.nlm.nih.gov/genomes/all/GCA/002/506/105/GCA_002506105.1_ASM250610v1,
300,GCA_003158275.1,20120600_E3D,SAMN08179605,Euryarchaeota archaeon,GCA_003158275.1,train,ftp://ftp.ncbi.nlm.nih.gov/genomes/all/GCA/003/158/275/GCA_003158275.1_20120600_E3D,
301,GCA_000011005.1,ASM1100v1,SAMD00060931,Methanocella paludicola SANAE,GCA_000011005.1,train,ftp://ftp.ncbi.nlm.nih.gov/genomes/all/GCA/000/011/005/GCA_000011005.1_ASM1100v1,
302,GCA_003194435.1,ASM319443v1,SAMN08434988,ANME-1 cluster archaeon,GCA_003194435.1,train,ftp://ftp.ncbi.nlm.nih.gov/genomes/all/GCA/003/194/435/GCA_003194435.1_ASM319443v1,
303,GCA_000025505.1,ASM2550v1,SAMN02598503,Ferroglobus placidus DSM 10642,GCF_000025505.1,train,ftp://ftp.ncbi.nlm.nih.gov/genomes/all/GCA/000/025/505/GCA_000025505.1_ASM2550v1,
304,UBA8915,none,none,none,UBA8915,train,,SRR10597681
305,GCA_002153915.1,ASM215391v1,SAMN05770049,Methanonatronarchaeum thermophilum,GCF_002153915.1,train,ftp://ftp.ncbi.nlm.nih.gov/genomes/all/GCA/002/153/915/GCA_002153915.1_ASM215391v1,
306,GCA_002505695.1,ASM250569v1,SAMN06027237,Euryarchaeota archaeon UBA487,GCA_002505695.1,train,ftp://ftp.ncbi.nlm.nih.gov/genomes/all/GCA/002/505/695/GCA_002505695.1_ASM250569v1,
307,GCA_001595915.1,ASM159591v1,SAMN04495911,Thermoplasmatales archaeon SG8-52-3,GCA_001595915.1,train,ftp://ftp.ncbi.nlm.nih.gov/genomes/all/GCA/001/595/915/GCA_001595915.1_ASM159591v1,
308,GCA_003009755.1,ASM300975v1,SAMN06020844,Thermoplasmatales archaeon SW_10_69_26,GCA_003009755.1,train,ftp://ftp.ncbi.nlm.nih.gov/genomes/all/GCA/003/009/755/GCA_003009755.1_ASM300975v1,
309,GCA_002495235.1,ASM249523v1,SAMN06027064,Euryarchaeota archaeon UBA287,GCA_002495235.1,train,ftp://ftp.ncbi.nlm.nih.gov/genomes/all/GCA/002/495/235/GCA_002495235.1_ASM249523v1,
310,GCA_001507955.1,ASM150795v1,SAMN03445119,Methanobacteriaceae archaeon 41_258,GCA_001507955.1,train,ftp://ftp.ncbi.nlm.nih.gov/genomes/all/GCA/001/507/955/GCA_001507955.1_ASM150795v1,
311,GCA_000006175.2,ASM617v2,SAMN00000040,Methanococcus voltae A3,GCF_000006175.1,train,ftp://ftp.ncbi.nlm.nih.gov/genomes/all/GCA/000/006/175/GCA_000006175.2_ASM617v2,
312,GCA_002201895.1,ASM220189v1,SAMN06246566,Methanopyrus sp. SNP6,GCA_002201895.1,train,ftp://ftp.ncbi.nlm.nih.gov/genomes/all/GCA/002/201/895/GCA_002201895.1_ASM220189v1,
313,GCA_001577775.1,ASM157777v1,SAMN03323778,Pyrococcus kukulkanii,GCF_001577775.1,train,ftp://ftp.ncbi.nlm.nih.gov/genomes/all/GCA/001/577/775/GCA_001577775.1_ASM157777v1,
314,GCA_003229935.1,ASM322993v1,SAMN09240142,Euryarchaeota archaeon,GCA_003229935.1,train,ftp://ftp.ncbi.nlm.nih.gov/genomes/all/GCA/003/229/935/GCA_003229935.1_ASM322993v1,
315,GCA_001515205.2,ASM151520v2,SAMN04159681,Hadesarchaea archaeon YNP_45,GCA_001515205.2,train,ftp://ftp.ncbi.nlm.nih.gov/genomes/all/GCA/001/515/205/GCA_001515205.2_ASM151520v2,
316,GCA_001316245.1,ASM131624v1,SAMD00000523,Vulcanisaeta sp. JCM 14467,GCA_001316245.1,train,ftp://ftp.ncbi.nlm.nih.gov/genomes/all/GCA/001/316/245/GCA_001316245.1_ASM131624v1,
317,GCA_001717035.1,ASM171703v1,SAMN04994459,Candidatus Methanomethylicus mesodigestum,GCA_001717035.1,train,ftp://ftp.ncbi.nlm.nih.gov/genomes/all/GCA/001/717/035/GCA_001717035.1_ASM171703v1,
318,GCA_000019605.1,ASM1960v1,SAMN02598368,Candidatus Korarchaeum cryptofilum OPF8,GCF_000019605.1,train,ftp://ftp.ncbi.nlm.nih.gov/genomes/all/GCA/000/019/605/GCA_000019605.1_ASM1960v1,
319,GCA_001563335.1,ASM156333v1,SAMN03998759,Candidatus Thorarchaeota archaeon SMTZ1-45,GCA_001563335.1,train,ftp://ftp.ncbi.nlm.nih.gov/genomes/all/GCA/001/563/335/GCA_001563335.1_ASM156333v1,
320,GCA_001940725.1,ASM194072v1,SAMN04924815,Candidatus Heimdallarchaeota archaeon LC_2,GCA_001940725.1,train,ftp://ftp.ncbi.nlm.nih.gov/genomes/all/GCA/001/940/725/GCA_001940725.1_ASM194072v1,
321,GCA_002779595.1,ASM277959v1,SAMN06659232,archaeon CG07_land_8_20_14_0_80_38_8,GCA_002779595.1,train,ftp://ftp.ncbi.nlm.nih.gov/genomes/all/GCA/002/779/595/GCA_002779595.1_ASM277959v1,
322,GCA_000220375.1,ASM22037v1,SAMN01940911,Candidatus Nanosalina sp. J07AB43,GCA_000220375.1,train,ftp://ftp.ncbi.nlm.nih.gov/genomes/all/GCA/000/220/375/GCA_000220375.1_ASM22037v1,
323,GCA_002254415.1,ASM225441v1,SAMN06647971,Candidatus Aenigmarchaeota archaeon ex4484_52,GCA_002254415.1,train,ftp://ftp.ncbi.nlm.nih.gov/genomes/all/GCA/002/254/415/GCA_002254415.1_ASM225441v1,
324,GCA_002789275.1,ASM278927v1,SAMN06660022,archaeon (Candidatus Huberarchaea) CG_4_9_14_0_8_um_filter_31_21,GCA_002789275.1,train,ftp://ftp.ncbi.nlm.nih.gov/genomes/all/GCA/002/789/275/GCA_002789275.1_ASM278927v1,
325,UBA10154,none,none,none,UBA10154,train,,SRR10597694
326,GCA_002687935.1,ASM268793v1,SAMN07618708,Euryarchaeota archaeon,GCA_002687935.1,train,ftp://ftp.ncbi.nlm.nih.gov/genomes/all/GCA/002/687/935/GCA_002687935.1_ASM268793v1,
327,GCA_002792915.1,ASM279291v1,SAMN06659736,Candidatus Micrarchaeota archaeon CG_4_10_14_0_2_um_filter_60_11,GCA_002792915.1,train,ftp://ftp.ncbi.nlm.nih.gov/genomes/all/GCA/002/792/915/GCA_002792915.1_ASM279291v1,
328,UBA10219,none,none,none,UBA10219,train,,SRR10597634
329,GCA_001723835.1,ASM172383v1,SAMN04979201,Candidatus Altiarchaeales archaeon WOR_SM1_79,GCA_001723835.1,train,ftp://ftp.ncbi.nlm.nih.gov/genomes/all/GCA/001/723/835/GCA_001723835.1_ASM172383v1,
330,GCA_000328565.1,ASM32856v1,SAMN02261384,Mycobacterium sp. JS623,GCF_000328565.1,valid,ftp://ftp.ncbi.nlm.nih.gov/genomes/all/GCA/000/328/565/GCA_000328565.1_ASM32856v1,
331,GCA_001613245.1,ASM161324v1,SAMD00018778,Nocardia speluncae NBRC 108251,GCF_001613245.1,valid,ftp://ftp.ncbi.nlm.nih.gov/genomes/all/GCA/001/613/245/GCA_001613245.1_ASM161324v1,
332,GCA_900101685.1,IMG-taxon_2651870117_annotated_assembly,SAMN05216174,Alloactinosynnema iranicum,GCF_900101685.1,valid,ftp://ftp.ncbi.nlm.nih.gov/genomes/all/GCA/900/101/685/GCA_900101685.1_IMG-taxon_2651870117_annotated_assembly,
333,GCA_000829695.1,ASM82969v1,SAMD00020221,Streptomyces sp. NBRC 110035,GCF_000829695.1,valid,ftp://ftp.ncbi.nlm.nih.gov/genomes/all/GCA/000/829/695/GCA_000829695.1_ASM82969v1,
334,GCA_900091955.1,IMG-taxon_2657245721_annotated_assembly,SAMN04883155,Streptomyces sp. Ncost-T10-10d,GCF_900091955.1,valid,ftp://ftp.ncbi.nlm.nih.gov/genomes/all/GCA/900/091/955/GCA_900091955.1_IMG-taxon_2657245721_annotated_assembly,
335,GCA_000719865.1,ASM71986v1,SAMN02645498,Streptomyces albus subsp. albus,GCF_000719865.1,valid,ftp://ftp.ncbi.nlm.nih.gov/genomes/all/GCA/000/719/865/GCA_000719865.1_ASM71986v1,
336,GCA_000425985.1,ASM42598v1,SAMN02440853,Microbacterium sp. URHA0036,GCF_000425985.1,valid,ftp://ftp.ncbi.nlm.nih.gov/genomes/all/GCA/000/425/985/GCA_000425985.1_ASM42598v1,
337,GCA_001685415.1,ASM168541v1,SAMN04578256,Serinicoccus sp. JLT9,GCF_001685415.1,valid,ftp://ftp.ncbi.nlm.nih.gov/genomes/all/GCA/001/685/415/GCA_001685415.1_ASM168541v1,
338,GCA_900094555.1,IMG-taxon_2615840609_annotated_assembly,SAMN04487811,Rhizobium hainanense,GCF_900094555.1,valid,ftp://ftp.ncbi.nlm.nih.gov/genomes/all/GCA/900/094/555/GCA_900094555.1_IMG-taxon_2615840609_annotated_assembly,
339,GCA_000015165.1,ASM1516v1,SAMN02598359,Bradyrhizobium sp. BTAi1,GCF_000015165.1,valid,ftp://ftp.ncbi.nlm.nih.gov/genomes/all/GCA/000/015/165/GCA_000015165.1_ASM1516v1,
340,GCA_001043895.1,ASM104389v1,SAMN03217758,Methylobacterium indicum,GCF_001043895.1,valid,ftp://ftp.ncbi.nlm.nih.gov/genomes/all/GCA/001/043/895/GCA_001043895.1_ASM104389v1,
341,GCA_000384335.2,ASM38433v2,SAMN02194552,Hyphomicrobium sp. 99,GCF_000384335.2,valid,ftp://ftp.ncbi.nlm.nih.gov/genomes/all/GCA/000/384/335/GCA_000384335.2_ASM38433v2,
342,GCA_001464655.1,Rhizobiales_bacterium_Ga0077555,SAMN04254526,Rhizobiales bacterium Ga0077555,GCA_001464655.1,valid,ftp://ftp.ncbi.nlm.nih.gov/genomes/all/GCA/001/464/655/GCA_001464655.1_Rhizobiales_bacterium_Ga0077555,
343,GCA_000281715.1,ASM28171v1,SAMN00839615,Sphingobium sp. AP49,GCF_000281715.1,valid,ftp://ftp.ncbi.nlm.nih.gov/genomes/all/GCA/000/281/715/GCA_000281715.1_ASM28171v1,
344,GCA_002002925.1,ASM200292v1,SAMN06263770,Sphingomonas sp. LM7,GCF_002002925.1,valid,ftp://ftp.ncbi.nlm.nih.gov/genomes/all/GCA/002/002/925/GCA_002002925.1_ASM200292v1,
345,GCA_000936425.1,ASM93642v1,SAMN03382941,Skermanella aerolata KACC 11604,GCF_000936425.1,valid,ftp://ftp.ncbi.nlm.nih.gov/genomes/all/GCA/000/936/425/GCA_000936425.1_ASM93642v1,
346,GCA_000300255.2,ASM30025v2,SAMN03081445,Candidatus Methanomethylophilus alvus Mx1201,GCF_000300255.2,valid,ftp://ftp.ncbi.nlm.nih.gov/genomes/all/GCA/000/300/255/GCA_000300255.2_ASM30025v2,
347,GCA_001481295.1,ASM148129v1,SAMN04326629,Candidatus Methanomethylophilus sp. 1R26,GCF_001481295.1,valid,ftp://ftp.ncbi.nlm.nih.gov/genomes/all/GCA/001/481/295/GCA_001481295.1_ASM148129v1,
348,GCA_002504495.1,ASM250449v1,SAMN06027054,Methanomassiliicoccaceae archaeon UBA537,GCA_002504495.1,valid,ftp://ftp.ncbi.nlm.nih.gov/genomes/all/GCA/002/504/495/GCA_002504495.1_ASM250449v1,
349,GCA_002496385.1,ASM249638v1,SAMN06027036,Methanomassiliicoccales archaeon UBA147,GCA_002496385.1,valid,ftp://ftp.ncbi.nlm.nih.gov/genomes/all/GCA/002/496/385/GCA_002496385.1_ASM249638v1,
350,GCA_002505185.1,ASM250518v1,SAMN06027152,Ferroplasmaceae archaeon UBA567,GCA_002505185.1,valid,ftp://ftp.ncbi.nlm.nih.gov/genomes/all/GCA/002/505/185/GCA_002505185.1_ASM250518v1,
351,GCA_002498845.1,ASM249884v1,SAMN06027607,Thermoplasmatales archaeon UBA509,GCA_002498845.1,valid,ftp://ftp.ncbi.nlm.nih.gov/genomes/all/GCA/002/498/845/GCA_002498845.1_ASM249884v1,
352,GCA_002254385.1,ASM225438v1,SAMN06647974,Thermoplasmatales archaeon ex4484_6,GCA_002254385.1,valid,ftp://ftp.ncbi.nlm.nih.gov/genomes/all/GCA/002/254/385/GCA_002254385.1_ASM225438v1,
353,GCA_002254765.1,ASM225476v1,SAMN06647967,Thermoplasmatales archaeon ex4484_36,GCA_002254765.1,valid,ftp://ftp.ncbi.nlm.nih.gov/genomes/all/GCA/002/254/765/GCA_002254765.1_ASM225476v1,
354,GCA_003151735.1,20120700_P3D,SAMN08179876,Candidatus Bathyarchaeota archaeon,GCA_003151735.1,valid,ftp://ftp.ncbi.nlm.nih.gov/genomes/all/GCA/003/151/735/GCA_003151735.1_20120700_P3D,
355,GCA_001273335.1,ASM127333v1,SAMN03793026,miscellaneous Crenarchaeota group-1 archaeon SG8-32-3,GCA_001273335.1,valid,ftp://ftp.ncbi.nlm.nih.gov/genomes/all/GCA/001/273/335/GCA_001273335.1_ASM127333v1,
356,GCA_002010975.1,ASM201097v1,SAMN06226324,Candidatus Bathyarchaeota archaeon JdFR-07,GCA_002010975.1,valid,ftp://ftp.ncbi.nlm.nih.gov/genomes/all/GCA/002/010/975/GCA_002010975.1_ASM201097v1,
357,GCA_001399795.1,ASM139979v1,SAMN03983875,Candidatus Bathyarchaeota archaeon BA2,GCA_001399795.1,valid,ftp://ftp.ncbi.nlm.nih.gov/genomes/all/GCA/001/399/795/GCA_001399795.1_ASM139979v1,
358,GCA_002490245.1,ASM249024v1,SAMN07701645,Candidatus Bathyarchaeota archaeon B24-2,GCA_002490245.1,valid,ftp://ftp.ncbi.nlm.nih.gov/genomes/all/GCA/002/490/245/GCA_002490245.1_ASM249024v1,
359,GCA_001776015.1,ASM177601v1,SAMN04316258,Candidatus Bathyarchaeota archaeon RBG_16_57_9,GCA_001776015.1,valid,ftp://ftp.ncbi.nlm.nih.gov/genomes/all/GCA/001/776/015/GCA_001776015.1_ASM177601v1,
360,GCA_001915065.1,ASM191506v1,SAMN04327914,archaeon 13_2_20CM_2_53_6,GCA_001915065.1,valid,ftp://ftp.ncbi.nlm.nih.gov/genomes/all/GCA/001/915/065/GCA_001915065.1_ASM191506v1,
361,GCA_003152955.1,20120700_E3M,SAMN08179789,Candidatus Bathyarchaeota archaeon,GCA_003152955.1,valid,ftp://ftp.ncbi.nlm.nih.gov/genomes/all/GCA/003/152/955/GCA_003152955.1_20120700_E3M,
362,GCA_002479715.1,ASM247971v1,SAMN06454495,Ruminococcus sp. UBA7477,GCA_002479715.1,test,ftp://ftp.ncbi.nlm.nih.gov/genomes/all/GCA/002/479/715/GCA_002479715.1_ASM247971v1,
363,GCA_003312465.1,ASM331246v1,SAMN08494074,Faecalibacterium prausnitzii,GCA_003312465.1,test,ftp://ftp.ncbi.nlm.nih.gov/genomes/all/GCA/003/312/465/GCA_003312465.1_ASM331246v1,
364,GCA_002315275.1,ASM231527v1,SAMN06456561,Clostridiales bacterium UBA1777,GCA_002315275.1,test,ftp://ftp.ncbi.nlm.nih.gov/genomes/all/GCA/002/315/275/GCA_002315275.1_ASM231527v1,
365,GCA_003522145.1,ASM352214v1,none,none,GCA_003522145.1,test,ftp://ftp.ncbi.nlm.nih.gov/genomes/all/GCA/003/522/145/GCA_003522145.1_ASM352214v1,
366,GCA_002308775.1,ASM230877v1,SAMN06456139,Mageeibacillus sp. UBA1257,GCA_002308775.1,test,ftp://ftp.ncbi.nlm.nih.gov/genomes/all/GCA/002/308/775/GCA_002308775.1_ASM230877v1,
367,GCA_001916035.1,ASM191603v1,SAMN05717248,Clostridium sp. 27_14,GCA_001916035.1,test,ftp://ftp.ncbi.nlm.nih.gov/genomes/all/GCA/001/916/035/GCA_001916035.1_ASM191603v1,
368,GCA_900066385.1,13414_6_69,SAMEA3545293,uncultured Clostridium sp.,GCA_900066385.1,test,ftp://ftp.ncbi.nlm.nih.gov/genomes/all/GCA/900/066/385/GCA_900066385.1_13414_6_69,
369,GCA_002841495.1,ASM284149v1,SAMN06767700,Firmicutes bacterium HGW-Firmicutes-2,GCA_002841495.1,test,ftp://ftp.ncbi.nlm.nih.gov/genomes/all/GCA/002/841/495/GCA_002841495.1_ASM284149v1,
370,GCA_000436595.1,MGS1124,SAMEA3138714,Prevotella sp. CAG:1124,GCA_000436595.1,test,ftp://ftp.ncbi.nlm.nih.gov/genomes/all/GCA/000/436/595/GCA_000436595.1_MGS1124,
371,GCA_900316005.1,Rumen_uncultured_genome_RUG152,SAMEA104666332,uncultured Bacteroidales bacterium,GCA_900316005.1,test,ftp://ftp.ncbi.nlm.nih.gov/genomes/all/GCA/900/316/005/GCA_900316005.1_Rumen_uncultured_genome_RUG152,
372,GCA_002429385.1,ASM242938v1,SAMN06451136,Prolixibacteraceae bacterium UBA6029,GCA_002429385.1,test,ftp://ftp.ncbi.nlm.nih.gov/genomes/all/GCA/002/429/385/GCA_002429385.1_ASM242938v1,
373,GCA_003259835.1,ASM325983v1,SAMN06297150,Flavobacterium aquaticum,GCF_003259835.1,test,ftp://ftp.ncbi.nlm.nih.gov/genomes/all/GCA/003/259/835/GCA_003259835.1_ASM325983v1,
374,GCA_001425355.1,Leaf405,SAMN04151757,Chryseobacterium sp. Leaf405,GCF_001425355.1,test,ftp://ftp.ncbi.nlm.nih.gov/genomes/all/GCA/001/425/355/GCA_001425355.1_Leaf405,
375,GCA_002690915.1,ASM269091v1,SAMN07618573,Crocinitomicaceae bacterium,GCA_002690915.1,test,ftp://ftp.ncbi.nlm.nih.gov/genomes/all/GCA/002/690/915/GCA_002690915.1_ASM269091v1,
376,GCA_003054115.1,ASM305411v1,SAMN08777206,Pedobacter sp. YR016,GCF_003054115.1,test,ftp://ftp.ncbi.nlm.nih.gov/genomes/all/GCA/003/054/115/GCA_003054115.1_ASM305411v1,
377,GCA_900102545.1,IMG-taxon_2634166296_annotated_assembly,SAMN04488121,Chitinophaga filiformis,GCF_900102545.1,test,ftp://ftp.ncbi.nlm.nih.gov/genomes/all/GCA/900/102/545/GCA_900102545.1_IMG-taxon_2634166296_annotated_assembly,
378,GCA_001714685.2,ASM171468v2,SAMN05438611,Methanosarcina sp. Ant1,GCA_001714685.2,test,ftp://ftp.ncbi.nlm.nih.gov/genomes/all/GCA/001/714/685/GCA_001714685.2_ASM171468v2,
379,GCA_000970085.1,ASM97008v1,SAMN03074589,Methanosarcina siciliae T4/M,GCF_000970085.1,test,ftp://ftp.ncbi.nlm.nih.gov/genomes/all/GCA/000/970/085/GCA_000970085.1_ASM97008v1,
380,GCA_900114835.1,IMG-taxon_2642422540_annotated_assembly,SAMN04488696,Methanolobus profundi,GCF_900114835.1,test,ftp://ftp.ncbi.nlm.nih.gov/genomes/all/GCA/900/114/835/GCA_900114835.1_IMG-taxon_2642422540_annotated_assembly,
381,GCA_000970325.1,ASM97032v1,SAMN03074571,Methanococcoides methylutens MM1,GCF_000970325.1,test,ftp://ftp.ncbi.nlm.nih.gov/genomes/all/GCA/000/970/325/GCA_000970325.1_ASM97032v1,
382,GCA_002926195.1,ASM292619v1,SAMN06562579,ANME-2 cluster archaeon HR1,GCA_002926195.1,test,ftp://ftp.ncbi.nlm.nih.gov/genomes/all/GCA/002/926/195/GCA_002926195.1_ASM292619v1,
383,UBA10536,none,none,none,UBA10536,test,,SRR10597626
384,GCA_002501765.1,ASM250176v1,SAMN06027569,Methanosaeta sp. UBA204,GCA_002501765.1,test,ftp://ftp.ncbi.nlm.nih.gov/genomes/all/GCA/002/501/765/GCA_002501765.1_ASM250176v1,
385,GCA_003162615.1,20100900_E3D,SAMN08178753,Methanothrix sp.,GCA_003162615.1,test,ftp://ftp.ncbi.nlm.nih.gov/genomes/all/GCA/003/162/615/GCA_003162615.1_20100900_E3D,
386,GCA_000484975.1,ASM48497v1,SAMN02440765,Thaumarchaeota archaeon SCGC AAA282-K18,GCA_000484975.1,test,ftp://ftp.ncbi.nlm.nih.gov/genomes/all/GCA/000/484/975/GCA_000484975.1_ASM48497v1,
387,GCA_003175215.1,ASM317521v1,SAMD00113975,Candidatus Nitrosopumilus sp. NM25,GCF_003175215.1,test,ftp://ftp.ncbi.nlm.nih.gov/genomes/all/GCA/003/175/215/GCA_003175215.1_ASM317521v1,
388,GCA_000484935.1,ASM48493v1,SAMN02441105,Euryarchaeota archaeum SCGC AAA287-E17,GCA_000484935.1,test,ftp://ftp.ncbi.nlm.nih.gov/genomes/all/GCA/000/484/935/GCA_000484935.1_ASM48493v1,
389,GCA_001510295.1,ASM151029v1,SAMN03733546,Thaumarchaeota archaeon casp-thauma4,GCA_001510295.1,test,ftp://ftp.ncbi.nlm.nih.gov/genomes/all/GCA/001/510/295/GCA_001510295.1_ASM151029v1,
390,GCA_900143675.1,Candidatus_Nitrosotalea_sinensis_Nd2_whole_genome,SAMEA20449918,Nitrosotalea sp. Nd2,GCF_900143675.1,test,ftp://ftp.ncbi.nlm.nih.gov/genomes/all/GCA/900/143/675/GCA_900143675.1_Candidatus_Nitrosotalea_sinensis_Nd2_whole_genome,
391,GCA_002713205.1,ASM271320v1,SAMN07620155,Thaumarchaeota archaeon,GCA_002713205.1,test,ftp://ftp.ncbi.nlm.nih.gov/genomes/all/GCA/002/713/205/GCA_002713205.1_ASM271320v1,
392,GCA_002011085.1,ASM201108v1,SAMN06226331,Candidatus Geothermarchaeota archaeon JdFR-14,GCA_002011085.1,test,ftp://ftp.ncbi.nlm.nih.gov/genomes/all/GCA/002/011/085/GCA_002011085.1_ASM201108v1,
393,GCA_002898355.1,ASM289835v1,SAMD00093751,archaeon HR01,GCA_002898355.1,test,ftp://ftp.ncbi.nlm.nih.gov/genomes/all/GCA/002/898/355/GCA_002898355.1_ASM289835v1,
